stratum,stratum_ordinal,identity,mission_id,planner_id,condition,method_internal_id,runtime_method_id,public_method_name,dispatch_sha256,status,task_complete,all_threshold_checks_pass,failure_identifier,failure_message,result_sha256,ledger_sha256,trace_sha256,trace_bytes,commit_sha256,service_corrected_mission_time_s,service_corrected_modeled_energy_j,flight_time_s,service_time_s,flight_controller_sensitive_energy_j,service_energy_j,position_rms_m,position_p95_m,position_max_m,vertical_p95_error_m,attitude_p95_rad,acceleration_p95_mps2,acceleration_max_mps2,jerk_p95_mps3,jerk_max_mps3,robust_compensation_p95_mps2,rotor_command_total_variation_n,minimum_per_rotor_margin_n,solver_deadline_miss_count
controller_comparison,5,CONTROLLER_COMPARISON::MU_CAMBRIDGE_MA_01::P_DIST_FIXED::M5_ENMPC_ROBUST_TRACKING_030,MU_CAMBRIDGE_MA_01,P_DIST_FIXED,STANDARD_DISTURBANCE,M5_ENMPC_ROBUST_TRACKING_030,B1_ENMPC_TOTAL_ROBUST_TUBE_NO_GP,eNMPC with Robust Tracking Control,83E729F0C57D44317F2CE1040ECA531CC383F258E843465D7C6B2711DBFB6C92,VALID_CASE_COMPLETE,1,0,,,18051C39D97A057553DB3E44A1AAB17F88DE1BC61C260EC846628AC2A3491270,AA1F1B27C87A01510DD6405071406561C419741CB135EC7988E7EBCFF112537A,70FDBA9E46D63E3AB63DCF661AA11C9C217ED376C59602FEC23A9884E28D90CE,46567943,1D8231298F612117E38D4488EA3A5D5CF3E5CCC566F7CA2892389FEA7A95EB03,595.8679999996821,703060.2204820922,483.8999999996821,111.968,597895.7818404759,105164.43864161639,0.1850315993454338,0.2706875095250141,0.3318320066057164,0.013626524612760704,0.023900721214365882,1.1405877451411204,1.7127498684078133,0.5615423738545108,4.02162366584971,0.29483769437067625,1433.931975673385,8.079346137593156,1.0
controller_comparison,6,CONTROLLER_COMPARISON::MU_CAMBRIDGE_MA_01::P_DIST_FIXED::M6_GP_ENHANCED_ENMPC_ROBUST_TRACKING_030,MU_CAMBRIDGE_MA_01,P_DIST_FIXED,STANDARD_DISTURBANCE,M6_GP_ENHANCED_ENMPC_ROBUST_TRACKING_030,B2_ENMPC_GP_MEAN_TOTAL_TUBE,GP Enhanced eNMPC with Robust Tracking Control,D83434C0B16B99B59F5DD900A18FF005931258DD4B19593A106686530E42FB2F,VALID_CASE_COMPLETE,1,0,,,F736C2B0E321F844125B6B96FC0C7F827349B22D6D257FFB948F4171BF6CFB0F,C24246F9CAB9EAA697F2B3D27C07EE9F60BFD649E4E2BC4D68448224DEDD6ACE,DD1F3E771BC64A5577586FFDF93A93463311F88C1F2BF215CE896A5E79FE20F8,53917238,4AB80779BD0317AC2503577DA22CEE15D366A701C528A3DF6B3F6FEC2BD917AC,601.1079999996805,709597.9482928197,489.1399999996805,111.968,604433.5096512033,105164.43864161639,0.15864834861809868,0.21189780522358173,0.29355945677213674,0.033328915039485096,0.024717069192215918,1.091918217970648,1.6599460799687762,0.6533688940936362,4.861933846486981,0.2797329964941522,2246.963253181582,8.025827106664327,0.0
controller_comparison,1,CONTROLLER_COMPARISON::MU_CAMBRIDGE_MA_01::P_DIST_FIXED::C0_CASCADED_PID,MU_CAMBRIDGE_MA_01,P_DIST_FIXED,STANDARD_DISTURBANCE,C0_CASCADED_PID,C0_CASCADED_PID,Cascaded PID Control,9CF96BAED58FDC2E41A017174C05468BEAD76EA0642C9A17883D0A9CB9255682,VALID_CASE_COMPLETE,1,1,,,2DAB91B4B072291CD1667303264F286410608213E5321D7AD66D4A8B94AABC46,7EFE625BF529A3C439E7D4DAEB2EBEF75E6B74D0FC419580611DCEBAABE9C768,79C8E0812D9FE1DF1C7EEDC49BA342ECF3E889D518972A85D9A5DADFBD8A861D,19903759,2F149960C1E70783000498C3E8C34355E7E7F6A9300731C9FDBB80C9267B8845,622.3867980061933,734489.3537565918,510.4187980061933,111.96800000000002,629324.9151149754,105164.43864161639,0.3111909404633478,0.4367719977881883,0.6500608392418736,0.2670327715483438,0.030431910468438104,1.0922501569735164,1.7410529698991093,0.4853390233868529,1.6399873540936452,0.0,260.148563861529,12.074697870673337,0.0
controller_comparison,4,CONTROLLER_COMPARISON::MU_CAMBRIDGE_MA_01::P_DIST_FIXED::M3_GP_ENHANCED_ROBUST_GEOMETRIC_TRACKING,MU_CAMBRIDGE_MA_01,P_DIST_FIXED,STANDARD_DISTURBANCE,M3_GP_ENHANCED_ROBUST_GEOMETRIC_TRACKING,GR0_GP_ROBUST_SE3,GP Enhanced Robust Geometric Tracking Control,1D3F3106EDBC3841D3C50B56220F7F7FAD049AAE02EDDE4A60DA14ED30111F8C,VALID_CASE_COMPLETE,1,1,,,BD1E504B3D5AEFE19A6C86DAC05CA793935603987A390B5D6E94451DEF41F247,8B27737971521BF886FFBAD6FFCC8F892C35BD0473336D074ABBF69EA4B662A7,BD300C4E358901DD0B600A47DB233497DAF260283DAEA7122BABF7982DFF5AEF,25951905,C78EB270C7DBA04EDB0422EC3BF48CFB371C815A79C2CD0C6A4A647E951DD588,622.3867980061933,734542.8619652105,510.4187980061933,111.96800000000002,629378.4233235942,105164.43864161639,0.27093422080777196,0.4119780367967976,0.6865808391948813,0.08821237086620215,0.04879890056828449,1.1490900802651776,1.8087578646332145,0.6525127223268538,1.8884116944629177,0.2841310700815731,674.9480591841804,11.99326905980421,0.0
controller_comparison,2,CONTROLLER_COMPARISON::MU_CAMBRIDGE_MA_01::P_DIST_FIXED::M0_NOMINAL_GEOMETRIC_TRACKING,MU_CAMBRIDGE_MA_01,P_DIST_FIXED,STANDARD_DISTURBANCE,M0_NOMINAL_GEOMETRIC_TRACKING,N0_NOMINAL_SE3,Nominal Geometric Tracking Control,42814CA1650E654DD36DD35245DAE84579A7ABD5A15792B7274AACAF6431C3BD,VALID_CASE_COMPLETE,1,1,,,E7215E6501A2974F35897C5927DC1C1614C96DFB0BCAD7DC175C69F0C5326C0F,3F1A77E38A5425B9745FDA2060FDF97DFC3455ABEE7D73B1104976488F003BBF,F78A69F6C57B399768554B1E4B9F6F5E7237A7D29ABE66436DE6CE8264425F20,19864530,DF39199620FB5CDF62EC555DAD493C3150CBD0BEED7A071A75E0A329880A3FC3,622.3867980061933,734477.1162547144,510.4187980061933,111.96800000000002,629312.677613098,105164.43864161639,0.5962333894795692,0.8001884682439514,1.1328975523717448,0.3945819509914852,0.03948249809336891,1.1012026610368653,1.8250518143830825,0.4882428561800366,1.6889409619268916,0.0,225.27566909818825,12.067184919915672,0.0
controller_comparison,3,CONTROLLER_COMPARISON::MU_CAMBRIDGE_MA_01::P_DIST_FIXED::M1_ROBUST_GEOMETRIC_TRACKING,MU_CAMBRIDGE_MA_01,P_DIST_FIXED,STANDARD_DISTURBANCE,M1_ROBUST_GEOMETRIC_TRACKING,R0_ROBUST_SE3,Robust Geometric Tracking Control,98B9309693EB053D96BDBAA8A9440E59BD8F1F9D8F9016794CF93CA3486F630F,VALID_CASE_COMPLETE,1,1,,,E0A683EDCBC587BA8A6D0037180BB08299EEAB7DCAB381520B0062350DD06515,C37F9DE2563A642F84EE4D5F8BED4BF4235084E92D49AA2F86F3474DBECEFB67,4AAED9B619A8B74CA8AFE1365C3C081AC947916AB099A9E76F08251C807072F1,22521929,600176A670A4A8FEA916DCC3BC110AD3322CEA9EAB95E1B25E3023A939E58881,622.3867980061933,734547.2354207633,510.4187980061933,111.96800000000002,629382.7967791469,105164.43864161639,0.2503563674647431,0.37751676842015675,0.6479434678344637,0.09443055790425525,0.04921609022454621,1.14272388699908,1.8683667086805738,0.6555476213967179,1.8884116944629177,0.2726041838265699,612.1684144343377,11.985747233553298,0.0
controller_comparison,11,CONTROLLER_COMPARISON::MU_CAMBRIDGE_MA_01::P_ENERGY_WIND_PAYLOAD::M5_ENMPC_ROBUST_TRACKING_030,MU_CAMBRIDGE_MA_01,P_ENERGY_WIND_PAYLOAD,STANDARD_DISTURBANCE,M5_ENMPC_ROBUST_TRACKING_030,B1_ENMPC_TOTAL_ROBUST_TUBE_NO_GP,eNMPC with Robust Tracking Control,4AC8B7E0835EB41BD6EC02DB0B4E7B4D3FE0314787502DBC2129CBDD1AB28B8C,VALID_CASE_COMPLETE,1,1,,,40E9B857DAC0669610194095E96A006FD5B6DCF60068D3E6F6E5200CFDE45F93,85E4DFE9DB709C2BAB76B39A43A3EA44E39E97B8B04A101817AC31BDEA208211,4D440FA39D9B51296183BBEA24093D6BE926412C1B3B265CE0C7BB0EE978C8D3,45987744,741EEF8B256A6328A9AA8AC2F69326D7CCC7D021A061EDC4114DF6B81345B86C,591.8279999996687,695683.4942680394,479.85999999966873,111.968,588286.8682537898,107396.62601424947,0.1822682749386174,0.28432217230792006,0.3661931123753898,0.013363657015158736,0.023003782725934303,0.872491704760502,1.2538981126691946,0.31813421165256195,1.6169029501182615,0.290483835750433,929.8836000014658,11.494625942994585,0.0
controller_comparison,12,CONTROLLER_COMPARISON::MU_CAMBRIDGE_MA_01::P_ENERGY_WIND_PAYLOAD::M6_GP_ENHANCED_ENMPC_ROBUST_TRACKING_030,MU_CAMBRIDGE_MA_01,P_ENERGY_WIND_PAYLOAD,STANDARD_DISTURBANCE,M6_GP_ENHANCED_ENMPC_ROBUST_TRACKING_030,B2_ENMPC_GP_MEAN_TOTAL_TUBE,GP Enhanced eNMPC with Robust Tracking Control,CF374911151CAA817963126EB26C892AE250E8A841408D683EF9C7C184EE5CA4,VALID_CASE_COMPLETE,1,1,,,2E458A50B30E8664E1F80CCA0ECBC4154F179A5BFD13454EEB3185F13EDC9755,1DE76876B025C837EF49B90323985A663D80E606184B37FD7D3E541CDBBCDFBD,015425911AE1BEF2F990BF7493F216C1184B1289608117ADB158E56427A09998,53805362,28645954498C7D2B95A6F4A48648D36A98F51FD896FC77C60D41AD83170E8E4A,597.3179999996637,702676.8655332434,485.34999999966374,111.968,595280.2395189939,107396.62601424947,0.1620385251716138,0.23511604120177063,0.2594145925075157,0.02643405470069915,0.0231541187836344,0.8606444890909306,1.2766956886450838,0.3966168092729822,2.8007618090319943,0.2855608395719873,1349.290170637565,10.584404421519764,0.0
controller_comparison,7,CONTROLLER_COMPARISON::MU_CAMBRIDGE_MA_01::P_ENERGY_WIND_PAYLOAD::C0_CASCADED_PID,MU_CAMBRIDGE_MA_01,P_ENERGY_WIND_PAYLOAD,STANDARD_DISTURBANCE,C0_CASCADED_PID,C0_CASCADED_PID,Cascaded PID Control,736F822C92A2B4FB0C50F22F19FC9B985F17048A4AB351B985A2930CC4EF4242,VALID_CASE_COMPLETE,1,1,,,4B1EED00B1C81307FA27D1749A6AF025AE2BAD10B2D8915B70A5E1B2DECFB086,3DA83BE23ED9942ECD68F2194AE3975CE90E0F7F1A057D16E3F11E3354FE5361,39B505DC2D694DDE70C05B7D0C965B4044064DA4A88246B275A3148F1F6B8DC2,19750478,10AACB60ADE32A31771985124DD6697DA24B0866C02C091032D8E74A6EF42FBF,618.6048230214662,727168.0440493979,506.63682302146617,111.96800000000006,619771.4180351484,107396.62601424947,0.3015786446600497,0.4158105332157552,0.47234182151898135,0.26055943478240273,0.022058481419871503,0.8236017766868137,1.2400381667598963,0.3305997693266339,1.4046912874517277,0.0,241.75786497396066,12.278238394864918,0.0
controller_comparison,10,CONTROLLER_COMPARISON::MU_CAMBRIDGE_MA_01::P_ENERGY_WIND_PAYLOAD::M3_GP_ENHANCED_ROBUST_GEOMETRIC_TRACKING,MU_CAMBRIDGE_MA_01,P_ENERGY_WIND_PAYLOAD,STANDARD_DISTURBANCE,M3_GP_ENHANCED_ROBUST_GEOMETRIC_TRACKING,GR0_GP_ROBUST_SE3,GP Enhanced Robust Geometric Tracking Control,18F3D99499DF2C3C6136721028360EF8092FD827046C2D905A1619B188466117,VALID_CASE_COMPLETE,1,1,,,13F8153E60E701B37D7A1803939F32F8FEE00C2C8F75019AC59708B4DA753A4A,F5D8925749D126789CFEBB920C15FA63D7DC75A8C394167477B31378D3248FEF,3D35246EE05594438F95F1BF1A2BA6AE69E49A8A07F620D367BDC46376583CDA,26008090,9690EE1A7A5897814077EEF459BA373A3460D487943049B49BAFB506880861C1,618.6048230214662,727243.2591915602,506.63682302146617,111.96800000000006,619846.6331773107,107396.62601424947,0.25806230925548224,0.36303324416822463,0.4401512010410483,0.08219198934609473,0.03983981624259875,0.8360578295499774,1.320896044142509,0.5235951095261644,1.396821581961521,0.28343470470496196,646.4324516704646,12.118638388341253,0.0
controller_comparison,8,CONTROLLER_COMPARISON::MU_CAMBRIDGE_MA_01::P_ENERGY_WIND_PAYLOAD::M0_NOMINAL_GEOMETRIC_TRACKING,MU_CAMBRIDGE_MA_01,P_ENERGY_WIND_PAYLOAD,STANDARD_DISTURBANCE,M0_NOMINAL_GEOMETRIC_TRACKING,N0_NOMINAL_SE3,Nominal Geometric Tracking Control,6C9EC0BE49C4ED08BB5FD4E93A4FBA32F41A814EB2307A6EB3521CE023EF5AB0,VALID_CASE_COMPLETE,1,1,,,7209B3FBC128FABE6DD44C12E9F8737A0D7F12A7B9B58AB1DF19B48595D156BB,8B4C79F50BD47130BF0F4FF19166B9CED0952942A42E356DD3EE572F217BF0F1,7F2A35FC51A72E3D63F09FB7C8598FD3FA0910767D785DADEF9F17DD715B87A1,19706617,6D0F66140D1EFDFC3145630912A1482253CB44E68874BBEF4233735E740D44E9,618.6048230214662,727129.292629774,506.63682302146617,111.96800000000006,619732.6666155244,107396.62601424947,0.5838166224796288,0.7569787494343896,0.8391361026682072,0.3849124750803128,0.0316399898802311,0.839146602521553,1.2438821792776336,0.32921258441281875,1.4908115023393513,0.0,208.27078384663452,12.272370608776068,0.0
controller_comparison,9,CONTROLLER_COMPARISON::MU_CAMBRIDGE_MA_01::P_ENERGY_WIND_PAYLOAD::M1_ROBUST_GEOMETRIC_TRACKING,MU_CAMBRIDGE_MA_01,P_ENERGY_WIND_PAYLOAD,STANDARD_DISTURBANCE,M1_ROBUST_GEOMETRIC_TRACKING,R0_ROBUST_SE3,Robust Geometric Tracking Control,69D3F4F67D015F3A16B75AA7A3A88EEE26709DCBD0EC879076E70866D92DA641,VALID_CASE_COMPLETE,1,1,,,6FFD7F29ABAEE575C8A259084040020A2228E271CB0EEB9F0CC083B52977AAA1,CEF417C2596C63DBAF8B35BBF9B14A4153EE4205E51E7E0FF63932A3AEB1D176,767EAD78E9DE825CCE3E3301DC2F4D614B801E5047308CC77DC5E90710B576C9,22369424,5D95E25820CE4444390D4D6B0CB6A404FA64CC45B3418442BADE568987E45959,618.6048230214662,727248.2439618208,506.63682302146617,111.96800000000006,619851.6179475713,107396.62601424947,0.23742600149223497,0.33302068361162096,0.4117007455762328,0.09293434316583671,0.04320604778584464,0.8411710538385778,1.3927245128659549,0.5752559814111642,1.3985363836042783,0.2610833392202723,595.3830685278001,12.118638388341253,0.0
controller_comparison,17,CONTROLLER_COMPARISON::MU_CAMBRIDGE_MA_02::P_DIST_FIXED::M5_ENMPC_ROBUST_TRACKING_030,MU_CAMBRIDGE_MA_02,P_DIST_FIXED,STANDARD_DISTURBANCE,M5_ENMPC_ROBUST_TRACKING_030,B1_ENMPC_TOTAL_ROBUST_TUBE_NO_GP,eNMPC with Robust Tracking Control,F9911CEDF8DA4321AABED4B22250FCFB37B0CCEE94AF85BFFCBF3DC1058CBC60,VALID_CASE_COMPLETE,1,1,,,B41EFA572AF96E2274140D95CBB1150B7CE247AC095B04511A7EF76857EF8DA8,AC52A74E7CC3ED58EE9D5C42BF77EF2DCB56F9A844FB656D3877D3955C4D866B,1EC2F8BA7C55F049674A24EE01F98BBA9C5085FE717B13BB25D2912075FBBD39,57814207,D7606F4114CBD1DA92C4D17BCE4E50D428CE43A0F5668367D0563E787158B558,723.437999999589,887533.5305595153,611.469999999589,111.968,782192.1175013243,105341.41305819107,0.1817564935908704,0.27030333503116155,0.3935594802465745,0.021783953678049528,0.01642312670466422,1.1660223011689266,1.5180872971684998,0.5867746121546958,3.521648330335669,0.4685085322977433,2722.9276440843387,9.589976006109698,0.0
controller_comparison,18,CONTROLLER_COMPARISON::MU_CAMBRIDGE_MA_02::P_DIST_FIXED::M6_GP_ENHANCED_ENMPC_ROBUST_TRACKING_030,MU_CAMBRIDGE_MA_02,P_DIST_FIXED,STANDARD_DISTURBANCE,M6_GP_ENHANCED_ENMPC_ROBUST_TRACKING_030,B2_ENMPC_GP_MEAN_TOTAL_TUBE,GP Enhanced eNMPC with Robust Tracking Control,5F392AAB5D4E7E6FB4CF4C5767D72845AE4E2883A37113AF95CF7A6B57F1233E,VALID_CASE_COMPLETE,1,0,,,F44BA35B50C1BEE66971E3A6D2AB7E3F60B2FCC346E669B609932CFE366D69A6,D7F13835F577A2651C8CE3B8BB5DA7A7E471C2D1FDECF2E239DAFF0D0B867FD0,F920BA88C99E4F1C81D058ACD94A67375A0614CE6F8DB3B7042BEF4A50A96E38,63026568,2D71E92967092799E450BB8840ADEE53523EE3C8A837DB672596B9AE12D06114,734.187999999579,901957.0548662968,622.219999999579,111.968,796615.6418081057,105341.41305819107,0.14161964551335474,0.2320289993042513,0.40090347183658026,0.04171826146819768,0.017831318339086404,1.1377719923472378,1.8280950387388741,0.7640913922679868,5.104842282435621,0.49152256899091534,4430.328304723927,7.8619305351524,0.0
controller_comparison,13,CONTROLLER_COMPARISON::MU_CAMBRIDGE_MA_02::P_DIST_FIXED::C0_CASCADED_PID,MU_CAMBRIDGE_MA_02,P_DIST_FIXED,STANDARD_DISTURBANCE,C0_CASCADED_PID,C0_CASCADED_PID,Cascaded PID Control,F5135C5E43CCA6D8D2B1F79F16FFC80A05C0350648F9A6A8095800F7D3E46277,VALID_CASE_COMPLETE,1,1,,,B500DCB98DC6219748CC36649DC2DCFFEFB20C3B72BF761139EF964E91D3348F,EFDDD31D3271E7C61F203059270CAA99DC2C7C045BD231B6296C8A4F1C9BD82B,E157398C540ED4104F27A497D2E1B79DCF9476192A762F2DD8615BD8B7A2F8A0,25390181,D6F3C303C9E10A6816B245A70E817B188F061572AAE8557CCE51D0D395964ECB,755.2384901027585,926373.2714735328,643.2704901027586,111.96799999999999,821031.8584153417,105341.41305819107,0.43331155894139417,0.5566648966191617,0.6991808574453846,0.4250634029854421,0.03217997479023131,1.1322756592725456,1.565939239405823,0.6469976737123971,2.5806202970682373,0.0,696.5649163404722,11.875055189181221,0.0
controller_comparison,16,CONTROLLER_COMPARISON::MU_CAMBRIDGE_MA_02::P_DIST_FIXED::M3_GP_ENHANCED_ROBUST_GEOMETRIC_TRACKING,MU_CAMBRIDGE_MA_02,P_DIST_FIXED,STANDARD_DISTURBANCE,M3_GP_ENHANCED_ROBUST_GEOMETRIC_TRACKING,GR0_GP_ROBUST_SE3,GP Enhanced Robust Geometric Tracking Control,23684DA1280553A0233DD04EFBD3431CC6D7AF43386329695873D26D4F37A465,VALID_CASE_COMPLETE,1,1,,,B809E367486CDCE0ECE89FA4C8905EBE0C28DB3C4BEA13D1BF68B8DBCFC476BD,DC815BC59E781FBDE791DF79DE07DC7231F579E8AACA837C9D994F97E29C28B9,2841035A685DE4D83365C68A721D1EFEE6D239C05B7FAA9834EE3E2006A24507,31649988,07C9324FDC805BE31F649C0B002980DA6CD5766CCA029C41A0A6C7AA38B05C50,755.2384901027585,926938.6952595626,643.2704901027586,111.96799999999999,821597.2822013715,105341.41305819107,0.29799161005635183,0.4490225875115387,0.693456924941042,0.15101132153860775,0.05920966609449728,1.1663223270795435,1.6455002490068644,0.9820136937980738,2.5882486237497,0.3950411678488741,1647.6597760807424,11.651594292638244,0.0
controller_comparison,14,CONTROLLER_COMPARISON::MU_CAMBRIDGE_MA_02::P_DIST_FIXED::M0_NOMINAL_GEOMETRIC_TRACKING,MU_CAMBRIDGE_MA_02,P_DIST_FIXED,STANDARD_DISTURBANCE,M0_NOMINAL_GEOMETRIC_TRACKING,N0_NOMINAL_SE3,Nominal Geometric Tracking Control,4244549D3D02D721C89B49F697C83F3DE144E0B68393FCC68516B8082B16E07F,VALID_CASE_COMPLETE,1,1,,,8488077687170C2A0D01313A62399AE2A03A377BA52A1A01F306BC5F4B651523,60DA09F98E8ED3477279F736297661D81649303F564D536ECD23BE397A20970F,092824960CF824B0322EE415129E089EBF160228D292D7E0468CF60412AA7D60,25305863,F83C99EF7BC4590F93345728B85D3DEEC70D9D7F34B05572D0FADF4499E2C460,755.2384901027585,926275.1858900109,643.2704901027586,111.96799999999999,820933.7728318198,105341.41305819107,0.7287162587006561,0.922806380739759,1.117076885595099,0.5954732311572357,0.03919670422014792,1.1538048477903533,1.6252034043238412,0.6417004638259788,2.6018286272107347,0.0,598.0828868676005,11.854965949448633,0.0
controller_comparison,15,CONTROLLER_COMPARISON::MU_CAMBRIDGE_MA_02::P_DIST_FIXED::M1_ROBUST_GEOMETRIC_TRACKING,MU_CAMBRIDGE_MA_02,P_DIST_FIXED,STANDARD_DISTURBANCE,M1_ROBUST_GEOMETRIC_TRACKING,R0_ROBUST_SE3,Robust Geometric Tracking Control,CBC93105DA46D071C2653D38C0FE1E77A3C50086E3E4C0B484838BB6EBFF3A92,VALID_CASE_COMPLETE,1,1,,,84DE7FC2DAAAB5797A1D4508A1AE7C591E12A2272FD2FD856EB6375397F12A5B,800C416E81449E27102ABF1005D8CF95377E32B890B75B3E499B3024EBB66364,22074591AAA58F7A77D5D01ABE5B18B2BD0FE45CB9698BBAC1C15E98E3CE804F,28723251,1471D948F93DC19FFDD5D955048DEBBAB9C7E2FDB5F6FE314002002FFCEB8091,755.2384901027585,926981.9601236421,643.2704901027586,111.96799999999999,821640.547065451,105341.41305819107,0.29993053047365636,0.44203496793799435,0.6908616571176286,0.15736767916006578,0.05930708140764292,1.1729707922730919,1.6473033239564248,0.9948119629475461,2.48504737236864,0.3649450111786353,1582.636137599566,11.63531433129694,0.0
controller_comparison,23,CONTROLLER_COMPARISON::MU_CAMBRIDGE_MA_02::P_ENERGY_WIND_PAYLOAD::M5_ENMPC_ROBUST_TRACKING_030,MU_CAMBRIDGE_MA_02,P_ENERGY_WIND_PAYLOAD,STANDARD_DISTURBANCE,M5_ENMPC_ROBUST_TRACKING_030,B1_ENMPC_TOTAL_ROBUST_TUBE_NO_GP,eNMPC with Robust Tracking Control,A7D9CB4125E13554E0BF718198883894A5B94066BD239BB38D8D9FB41BD86007,VALID_CASE_COMPLETE,1,1,,,3E153EE534C69D6BD340B04D1BBB33201E1B978F24106473682F9BAF9D001091,3AF08DF8AF72B50D9669CEEE2C70F148979494A33D6AE907A9E5417E4A399216,71A368D9A386C0B5F106FCF2BF7CC297E32A223684A3350D72D8690BD153A927,56628717,00B22B50985740BA425500CBF7AC52547D99E5A3AAC09CA23262546D03A08BF1,716.7779999995951,878077.2804120663,604.8099999995951,111.968,772735.8673538752,105341.41305819107,0.18104611500540627,0.26158661658485155,0.3617344674981051,0.03545415592967949,0.01651322955504406,1.1196642877369365,1.6221330414952981,0.5825204926297342,3.9167075315146174,0.46746268593207824,2581.8390631510256,9.579443660889392,0.0
controller_comparison,24,CONTROLLER_COMPARISON::MU_CAMBRIDGE_MA_02::P_ENERGY_WIND_PAYLOAD::M6_GP_ENHANCED_ENMPC_ROBUST_TRACKING_030,MU_CAMBRIDGE_MA_02,P_ENERGY_WIND_PAYLOAD,STANDARD_DISTURBANCE,M6_GP_ENHANCED_ENMPC_ROBUST_TRACKING_030,B2_ENMPC_GP_MEAN_TOTAL_TUBE,GP Enhanced eNMPC with Robust Tracking Control,6B4935A5DBA6D960BCFF5C259E398C6E1109F2A6D1C51349CCA4D9DA5DD5250C,VALID_CASE_COMPLETE,1,0,,,20B69816A486D8C5BBDA9799625EAAD519760ADDE19A1F4C9E6BFF6950AF843A,FEAB61E7F35A4EBE847F4EB1FF98ED5E8BD85B4AEEF16121F16774BD509DAAF2,E559CB8ED201FDBF437FA63435DD3CBCCEFC5E06D098568A46BF8CE240135A92,61910744,5FB50F5FE7EBA9E1BFB1C9A90878596217C945349E1242B2D0B9EC6752A8AA6B,728.0579999995848,894329.3079114362,616.0899999995848,111.968,788987.8948532451,105341.41305819107,0.1370498430640068,0.2157140237215875,0.3107588627432158,0.04294015521889172,0.016754844089451982,1.083306298231429,1.5774741088346411,0.5864325484409393,4.317380807227982,0.49421869653996164,3320.5533445535234,10.231483657186576,0.0
controller_comparison,19,CONTROLLER_COMPARISON::MU_CAMBRIDGE_MA_02::P_ENERGY_WIND_PAYLOAD::C0_CASCADED_PID,MU_CAMBRIDGE_MA_02,P_ENERGY_WIND_PAYLOAD,STANDARD_DISTURBANCE,C0_CASCADED_PID,C0_CASCADED_PID,Cascaded PID Control,C4DA201B1A744DD2FC2E2801B51920D0B0C899B668E4062E9DB7F3356A58244B,VALID_CASE_COMPLETE,1,1,,,47B753846F8D702BEBD13E4246E5751EB4EF28A41BEAEB8E624D5307E48B36D0,44AF4FA930B8E9D0C99E51756850C7FC043D264601EE364E8BAE1CBC7ADBBF10,9C5FCCFB8A5641AD1836AC93CC58BE2F9213C345E198770307D268683DFE2C36,25224407,3AEADA2BAF84A06B7DDABD84A921084CBD6400A57BF74A91E20311107DD5F7D1,751.2604917699716,921027.4395099729,639.2924917699717,111.96799999999999,815686.0264517819,105341.41305819107,0.4279675326085098,0.5506184842930039,0.6951807736671914,0.4250619682048882,0.030752084852022278,1.0485182321204165,1.4548938276549466,0.6061893807500854,2.6600445225555838,0.0,691.8518912817949,11.877366914620254,0.0
controller_comparison,22,CONTROLLER_COMPARISON::MU_CAMBRIDGE_MA_02::P_ENERGY_WIND_PAYLOAD::M3_GP_ENHANCED_ROBUST_GEOMETRIC_TRACKING,MU_CAMBRIDGE_MA_02,P_ENERGY_WIND_PAYLOAD,STANDARD_DISTURBANCE,M3_GP_ENHANCED_ROBUST_GEOMETRIC_TRACKING,GR0_GP_ROBUST_SE3,GP Enhanced Robust Geometric Tracking Control,BDF82793401534E1B163E9434A6AE62C1EA8C99C5D641103A9B680B0EAACA087,VALID_CASE_COMPLETE,1,1,,,1E0232BC08C65D6C49126B181D992AFA436E3D3A9C1A8197AC28FA4C9BFC0184,85D2BAA8C5E6554BC094C249672460450D060F13B1698C04F46264FE1C64E93E,5C7F06649AC60EE2D7F6D479E35D2F79CE6E5DD6D1B6CFE7789A99463D0CA8B9,31846380,C47A4D8033EF323F28CB44ED6642472D99A46DF488589AF93AB15E5922770C7C,751.2604917699716,921646.9255661975,639.2924917699717,111.96799999999999,816305.5125080064,105341.41305819107,0.2880324979355554,0.4323849688337285,0.6934569249413534,0.1509476898861717,0.05691641573368041,1.107024528358414,1.6369331469959296,0.936338027969291,2.935568189870788,0.3953452591292597,1624.9868647213925,11.65424800827791,0.0
controller_comparison,20,CONTROLLER_COMPARISON::MU_CAMBRIDGE_MA_02::P_ENERGY_WIND_PAYLOAD::M0_NOMINAL_GEOMETRIC_TRACKING,MU_CAMBRIDGE_MA_02,P_ENERGY_WIND_PAYLOAD,STANDARD_DISTURBANCE,M0_NOMINAL_GEOMETRIC_TRACKING,N0_NOMINAL_SE3,Nominal Geometric Tracking Control,E1703158899E94AEB80E66E755EC983B83C3174453584CC21671AEE49C3CA1A6,VALID_CASE_COMPLETE,1,1,,,B992532289A78F8FA2CCB67C416EE8848CCF09940CB9CB11B7A9F177704A1B9C,8A1ECA70B34CA26EFB41271B86E51D54BB20DA2BBEFB3EBB531177E01377ECFF,8FB87A747F12CD42B516BA97137EB395762DFF36B33FB0FEE3045D46BBFE262F,25141535,195436108F831F9DE5791FD8B9196F4CCEBEC7E995BFB48032822A1A97AB0F46,751.2604917699716,920957.1462315886,639.2924917699717,111.96799999999999,815615.7331733975,105341.41305819107,0.7217605471334161,0.9085518768965064,1.1170768855951019,0.5953526349690197,0.037396614082771916,1.076920340038078,1.4967520697368295,0.6010159502060017,2.6916319545017116,0.0,593.5705779198742,11.860112333832454,0.0
controller_comparison,21,CONTROLLER_COMPARISON::MU_CAMBRIDGE_MA_02::P_ENERGY_WIND_PAYLOAD::M1_ROBUST_GEOMETRIC_TRACKING,MU_CAMBRIDGE_MA_02,P_ENERGY_WIND_PAYLOAD,STANDARD_DISTURBANCE,M1_ROBUST_GEOMETRIC_TRACKING,R0_ROBUST_SE3,Robust Geometric Tracking Control,972313CA0F991F7E9667BFA59E4EF8C5EBBD751FFB1EAFA875872912F256B66D,VALID_CASE_COMPLETE,1,1,,,0287DBB57E107776EFC0229842E63710D5F0027FC611783D97998FBA459FC7B0,B5F69FD0345891F17D9AF61522CC3FFB68160A51B53C4049ED25AB1FB962564D,548A1B67AFA91A18B4E9BF91411E87C21D779A7D18273BD653BA3100949C5589,28542451,1FA221327FC203B295363CE2795AA1BA8B1418C69EE55684DC2D320C0204BFB9,751.2604917699716,921649.6166667686,639.2924917699717,111.96799999999999,816308.2036085775,105341.41305819107,0.2925397674868448,0.4283393956228406,0.6668033870436846,0.15728980498676215,0.057199327855931376,1.1110605107202116,1.6584117374827445,0.9607288933176709,2.936680501776224,0.36502605738790417,1567.9288508543762,11.638388782441957,0.0
controller_comparison,29,CONTROLLER_COMPARISON::MU_MANHATTAN_NY_01::P_DIST_FIXED::M5_ENMPC_ROBUST_TRACKING_030,MU_MANHATTAN_NY_01,P_DIST_FIXED,STANDARD_DISTURBANCE,M5_ENMPC_ROBUST_TRACKING_030,B1_ENMPC_TOTAL_ROBUST_TUBE_NO_GP,eNMPC with Robust Tracking Control,2C9333255D7EF733A44F08EF950146326014393F7157CCDE6EEAB95D26524CE3,VALID_CASE_COMPLETE,1,0,,,0D716389AAADB615977FD1C3C2BF1CC464D2B2DD32CC7CE80339582BA8EFEB49,88985AEFC336C034E94C5D52B0FFAB4C00D9606FA3DF863640D5CAC6D79E55D8,D6C7A2F09B26A6E004DDB5558DA4AEBDD586594D5AAD3A6B5F650048BC836046,59187574,BC7BA4014AA8362FB0EF4A8BBDD77EA03198298789AD6AF388D9F462BC0D872E,722.1679999995899,889713.2352011472,610.19999999959,111.968,783116.7438188985,106596.49138224864,0.1299353881146075,0.21377815209152987,0.35766340532308977,0.01572256498171498,0.010276657450235848,1.295826614347381,1.6855049981647208,0.7332096892148199,4.330634712046842,0.3977954288711112,2902.686514252174,7.5792769311664046,0.0
controller_comparison,30,CONTROLLER_COMPARISON::MU_MANHATTAN_NY_01::P_DIST_FIXED::M6_GP_ENHANCED_ENMPC_ROBUST_TRACKING_030,MU_MANHATTAN_NY_01,P_DIST_FIXED,STANDARD_DISTURBANCE,M6_GP_ENHANCED_ENMPC_ROBUST_TRACKING_030,B2_ENMPC_GP_MEAN_TOTAL_TUBE,GP Enhanced eNMPC with Robust Tracking Control,E3ADF580699A9672762680AE7A950723905D52E78358652F60B5F0027B35FB3B,VALID_CASE_COMPLETE,1,0,,,A9AEE507349A8501D87EA6D81FDECBC2D766BA49779C0E8E3B175239A682DAC0,EBA86F3A080587A03FA758772E006828960B84F303E30C3CF272B466C0727EF1,BF60E60E01FC505C8C5EDC222828EA39686C2BFB1C7DD27418F1C666495C2349,70406376,72DF1C8E75B1FEEE2A3A4C6EB69E723AE95F848AB9B4986AE2BCAFA87A445679,737.8579999995757,909089.2269692628,625.8899999995757,111.968,802492.7355870141,106596.49138224864,0.08390302482653064,0.15963727883619674,0.34444032064096736,0.0352660725695042,0.010875525437395719,1.2597552373968979,1.6569630657754129,0.7607780904670164,5.376329784087543,0.3718895113317886,4301.228988491993,9.166218615856732,0.0
controller_comparison,25,CONTROLLER_COMPARISON::MU_MANHATTAN_NY_01::P_DIST_FIXED::C0_CASCADED_PID,MU_MANHATTAN_NY_01,P_DIST_FIXED,STANDARD_DISTURBANCE,C0_CASCADED_PID,C0_CASCADED_PID,Cascaded PID Control,9092AA16FC236D75BA0BEBA56646912DE20004A980579DA1C907322D69809F6F,VALID_CASE_COMPLETE,1,1,,,AC864B22AF1BBCF3DB06B6496BDE774CC8687F3C528A30A88E121A485D8CAD7D,3A4C7A659C2C6FEFA6D2B4DBF35D8814AF8FC152A378EEB69915D711C95BB197,8CF526F1A82B361A813666C9B332CD771CA541A8BE6B28DE974C38EFA0621900,25307954,5DECADEF1B82E07EB0877507D4F9960516D6A2A93A456C1137096B5B24B96147,755.283454868684,931086.7896297984,643.315454868684,111.96799999999993,824490.2982475497,106596.49138224864,0.39214490771946847,0.5096231840184254,0.6701186458919376,0.3858443326126526,0.03467158714549986,1.2557100296983608,1.7295433783913226,0.6555450021568904,1.7861390571554747,0.0,532.3799103262506,11.982256812074919,0.0
controller_comparison,28,CONTROLLER_COMPARISON::MU_MANHATTAN_NY_01::P_DIST_FIXED::M3_GP_ENHANCED_ROBUST_GEOMETRIC_TRACKING,MU_MANHATTAN_NY_01,P_DIST_FIXED,STANDARD_DISTURBANCE,M3_GP_ENHANCED_ROBUST_GEOMETRIC_TRACKING,GR0_GP_ROBUST_SE3,GP Enhanced Robust Geometric Tracking Control,4891C2135D11FAB08A6B04E861D78FFD444EE8FAED5F93FB8EDFCA9B70E369C3,VALID_CASE_COMPLETE,1,1,,,0E25FB18D559F98190C505904D93DA31E1B83CA527C35A3AF5FD3C37255C3EC6,A014F80A46FE3B73782FB2351327F6B756E5129911C2DE4294BCFD471B2F33C9,F732D0C4174447914203A2E6AEB10965EC73F5E13D4BE22F20C0FCCAF7821CF8,32737177,B5EB94520DC6B3CEA0457979BDA3C6479061B5F84F92197953F6D0DB70BCF4F1,755.283454868684,931452.4448120504,643.315454868684,111.96799999999993,824855.9534298019,106596.49138224864,0.23212378848929807,0.39759108580286157,0.7080809854876368,0.1295971444751931,0.06027915193391794,1.3160495549870015,1.9457368547133493,0.9921644732686273,2.0420628308361333,0.3698061182400339,1323.5555136243092,11.822985597543614,0.0
controller_comparison,26,CONTROLLER_COMPARISON::MU_MANHATTAN_NY_01::P_DIST_FIXED::M0_NOMINAL_GEOMETRIC_TRACKING,MU_MANHATTAN_NY_01,P_DIST_FIXED,STANDARD_DISTURBANCE,M0_NOMINAL_GEOMETRIC_TRACKING,N0_NOMINAL_SE3,Nominal Geometric Tracking Control,E08230906F06F947A322AA5B3E5CCC88D0DCE6BF49F9119112E64575B18512D5,VALID_CASE_COMPLETE,1,1,,,6418F93726301DE940FACD301D0A7792F7C44D386846466991073B31C53B7176,66FE6351D4DA41F1046B18A48DD6905F1E96E26AEC0D80F717FA90A082EFB30A,8F996C5C88B89B200E6FA9FF690FB60C9E4628A77907F29986D93BF8C461C374,25254525,73DF662C10A07BED2FE3A1D771669ADCD641838520105B6E4F0791501C619BC0,755.283454868684,931068.2879793964,643.315454868684,111.96799999999993,824471.7965971478,106596.49138224864,0.6123535848217536,0.8204915019900721,1.09046984924149,0.546548926345519,0.040245435861147386,1.2894086495030075,1.800822380488289,0.6400377718874547,1.7365002799950366,0.0,457.50103808382477,11.995497099864252,0.0
controller_comparison,27,CONTROLLER_COMPARISON::MU_MANHATTAN_NY_01::P_DIST_FIXED::M1_ROBUST_GEOMETRIC_TRACKING,MU_MANHATTAN_NY_01,P_DIST_FIXED,STANDARD_DISTURBANCE,M1_ROBUST_GEOMETRIC_TRACKING,R0_ROBUST_SE3,Robust Geometric Tracking Control,7F0FD64F16A4A345F417D8BC56336D598F301BC066F773C2C4909E867981BE08,VALID_CASE_COMPLETE,1,1,,,955858900E7681912B09803AA39A76B551ADB74ABD2332B132515879E4CA68FB,47C5B85C91DEA4C79DAD23F8FB5D57A08AA4F14C4EF560589273FFCDA17E2988,08B84508BBCB44955805E7161A423DE1DD3ED088446C70E3CD38C12C5F6ADAC4,28661045,6F1A3378BA23E54D74F2A2E26D30B459D63ABD4CE58D70F72AA53BF5C19B1F5B,755.283454868684,931444.217179736,643.315454868684,111.96799999999993,824847.7257974874,106596.49138224864,0.24146566178923545,0.38132737348670864,0.7108050621589619,0.13949597436799444,0.06062379644421312,1.3116137048029823,1.9756872969432275,0.9955105260230611,2.0593414363980194,0.3286774550648117,1202.7371662550481,11.835076883699049,0.0
controller_comparison,35,CONTROLLER_COMPARISON::MU_MANHATTAN_NY_01::P_ENERGY_WIND_PAYLOAD::M5_ENMPC_ROBUST_TRACKING_030,MU_MANHATTAN_NY_01,P_ENERGY_WIND_PAYLOAD,STANDARD_DISTURBANCE,M5_ENMPC_ROBUST_TRACKING_030,B1_ENMPC_TOTAL_ROBUST_TUBE_NO_GP,eNMPC with Robust Tracking Control,DF5B45C4D60EEA1E4E905D0FC1C2B8D2D1FA1E5347807B5D1993517CFDAA5385,VALID_CASE_COMPLETE,1,1,,,67EDE481AA49338CAC08B1B67E0844AE31B932F24510D273348BEF5E5BC3EC4F,172CE7DF100D6A12891AAEEBE95A40023ADF5744C98B3BCC61F6A9C93BA8B1A0,ACCE79E75706EA124D44CC0C49D72A5B80B5BEE1D231F9380F8C64940ED57AE6,58885178,32E4BFBB19591033BAA1C1ED2ED6DCE440AC530BCCB1720EF79334D3F9CC0404,720.5379999995516,847525.8755190508,608.5699999995517,111.968,740129.2495048012,107396.62601424947,0.12070009835917496,0.21223749296603736,0.35705520614992103,0.015270525820058722,0.008294718027015703,1.1612918897170197,1.671794442307954,0.6012682933927597,3.5368058996764553,0.38616465913625064,2249.734061012826,9.863701815130096,0.0
controller_comparison,36,CONTROLLER_COMPARISON::MU_MANHATTAN_NY_01::P_ENERGY_WIND_PAYLOAD::M6_GP_ENHANCED_ENMPC_ROBUST_TRACKING_030,MU_MANHATTAN_NY_01,P_ENERGY_WIND_PAYLOAD,STANDARD_DISTURBANCE,M6_GP_ENHANCED_ENMPC_ROBUST_TRACKING_030,B2_ENMPC_GP_MEAN_TOTAL_TUBE,GP Enhanced eNMPC with Robust Tracking Control,37D2CED32B665B4BF1484BDAC2A895DB8F582E9AAC5C620F6EBA7FEB963E53F7,VALID_CASE_COMPLETE,1,1,,,1324DD5060EC4C69CF597417C16C82200B7EF52F8BBFD2CD47DA2C5AFBF9BE41,DD36F4E58DB2C94C7B950511B9612A1426DB058DACB17AC8D3DF61AA4DFACDEF,78FDE29FF52C9EF6B9072C97E4C735EE25665972514794CE54F7957A1DACD5FB,68906505,7C07471B9D6862035C2D9E7E3DD36426AC12152313D3560ED776BD7AB589C0DF,732.7079999995406,861646.0967496748,620.7399999995406,111.968,754249.4707354252,107396.62601424947,0.08638250544532103,0.1665252754114613,0.30885619388645325,0.043798253162094625,0.009258071433298688,1.1262577934359317,1.533205979503515,0.6141371103045807,3.177506372295117,0.3748912698936149,3562.7991719976853,9.08466255015908,0.0
controller_comparison,31,CONTROLLER_COMPARISON::MU_MANHATTAN_NY_01::P_ENERGY_WIND_PAYLOAD::C0_CASCADED_PID,MU_MANHATTAN_NY_01,P_ENERGY_WIND_PAYLOAD,STANDARD_DISTURBANCE,C0_CASCADED_PID,C0_CASCADED_PID,Cascaded PID Control,EEB3832F8B4268C2296CFA3417E154782D26F7C63A294DBB0E134468A2D0B7E3,VALID_CASE_COMPLETE,1,1,,,A499BB40E4E285AEC77098BC2AA009A4FBFF456A312CFEC99BC829BB5C99331E,8609C549375674F7A436C3B95FF20BF40D4B5B7F38EB71F7626CCB7434E6DF6E,B375581B47E3AE07540EB402E126B7412C8F3DC61370602773230388C11F7EF1,25204208,562332F1A6AE5580634FC8AF665624A5A859345D05CA58FFB5336652E871A26D,753.1084112331683,885785.2160190148,641.1404112331684,111.968,778388.5900047653,107396.62601424947,0.3693565871406447,0.49557158579152955,0.6408730209237568,0.3821055815401877,0.033385147351473674,1.1219827512157523,1.742549088766896,0.6412277758405158,1.4726162929890978,0.0,505.3992001128975,12.038501420396859,0.0
controller_comparison,34,CONTROLLER_COMPARISON::MU_MANHATTAN_NY_01::P_ENERGY_WIND_PAYLOAD::M3_GP_ENHANCED_ROBUST_GEOMETRIC_TRACKING,MU_MANHATTAN_NY_01,P_ENERGY_WIND_PAYLOAD,STANDARD_DISTURBANCE,M3_GP_ENHANCED_ROBUST_GEOMETRIC_TRACKING,GR0_GP_ROBUST_SE3,GP Enhanced Robust Geometric Tracking Control,524FB105C917DD5FB0464BF97F0346586885F3C6A9FEC7749EF6CC7D882DBB2D,VALID_CASE_COMPLETE,1,1,,,74B716598C13FFE69BE7E3C38DA3E112AA02E13E6560697B5C7004BA5492B680,5D661F18C75D6A8056FDBCF581AC2C141D815DED85D754A5368CC5BADACE7480,4E3EE624C74B5EF39EED7F7566437C565216C854B5662DD152836A4B76E58894,32752405,9F21912608567F046E445F0D36DB12A570D0CED9DE7018F548FA9A408D271F4B,753.1084112331683,886113.7667033839,641.1404112331684,111.968,778717.1406891344,107396.62601424947,0.21626293028527915,0.3728916736945526,0.6353953639202775,0.12081644592659124,0.05905709632535998,1.1593837114287229,1.8385933851471763,0.9972311451733322,2.0753757872849024,0.3600673430417628,1252.0438542620568,11.857490597142885,0.0
controller_comparison,32,CONTROLLER_COMPARISON::MU_MANHATTAN_NY_01::P_ENERGY_WIND_PAYLOAD::M0_NOMINAL_GEOMETRIC_TRACKING,MU_MANHATTAN_NY_01,P_ENERGY_WIND_PAYLOAD,STANDARD_DISTURBANCE,M0_NOMINAL_GEOMETRIC_TRACKING,N0_NOMINAL_SE3,Nominal Geometric Tracking Control,74E288AC77A8FE07F0A80559FF34E1ACF499A732D115D95B2C5040757DCF94F6,VALID_CASE_COMPLETE,1,1,,,E5ADC07FF401A3B726BBF796DDCD29DA441141B341A27CAFD586E8082B5CCCBA,5F58E006A1F1D9CAE8ECF262A15781E7990AC7A127E1D69006F729C2560C113D,3B7CF1D2CDFB9809B0619B21450F4C220F389C228FE5893EF3614D0CB7B1D48B,25146045,F9B3E72FBAE062842A732C2EE3B7AB70B9A94C28282AD170F6AE3C2F1CFD3A0A,753.1084112331683,885604.6025823827,641.1404112331684,111.968,778207.9765681332,107396.62601424947,0.582657859256725,0.7733952466963113,1.0426127220321517,0.5405784021986832,0.03800964917197299,1.1498002785377641,1.817314289007777,0.6353525457980123,1.474139147040896,0.0,432.40440044490185,12.063156009293309,0.0
controller_comparison,33,CONTROLLER_COMPARISON::MU_MANHATTAN_NY_01::P_ENERGY_WIND_PAYLOAD::M1_ROBUST_GEOMETRIC_TRACKING,MU_MANHATTAN_NY_01,P_ENERGY_WIND_PAYLOAD,STANDARD_DISTURBANCE,M1_ROBUST_GEOMETRIC_TRACKING,R0_ROBUST_SE3,Robust Geometric Tracking Control,8E4C9305FFABF4D1B83BEC6FA42536DBC053BC4613EBC095C260918FFF7F3263,VALID_CASE_COMPLETE,1,1,,,C2F25D87FE6288AD2E287600C3A74356193C5293F8DCFEB5BF3D558327BE573A,6429BFD1585E1286CC673E62435D83D3352D89E812B0294B56E693F9857BB46A,7E4940C0851B07C1E6F8F2C4C3C1000AFD06D37489A2FE4CC2D83AE2CF347997,28554600,593C228DAE5870040B6D72509B6CEF7A8F116EB6E43355EB915C6716B1FAB6EC,753.1084112331683,886126.1007176371,641.1404112331684,111.968,778729.4747033876,107396.62601424947,0.23001409864798963,0.363609093020282,0.5798605164712921,0.13572930492030366,0.05939996982264686,1.168001018422603,1.877508637960066,0.9925258698450584,1.9566365389700382,0.3156306007199288,1169.044068006791,11.985969894086178,0.0
controller_comparison,41,CONTROLLER_COMPARISON::MU_MANHATTAN_NY_02::P_DIST_FIXED::M5_ENMPC_ROBUST_TRACKING_030,MU_MANHATTAN_NY_02,P_DIST_FIXED,STANDARD_DISTURBANCE,M5_ENMPC_ROBUST_TRACKING_030,B1_ENMPC_TOTAL_ROBUST_TUBE_NO_GP,eNMPC with Robust Tracking Control,2522A897690C0CE94F83B006E469FDCCA255E506522BFE7F0AD07D9B2DE0430A,VALID_CASE_COMPLETE,1,1,,,ABF454333E9CA93CC996662E2105BF10CC1EA78F16619502E7BD54557D2B7DF6,184008417154ECBA218717031C496BA36383376E8B9F3D138159CDDBAF51FED4,A6B517DEECE9AA5F2DC7F8808B0F8515E8EC4D4A0501BBFD9D8203F002122870,52239644,99F3271A642EDACC11A8602DC53436FF0CCCF6F4158AB427478393A915E65D2C,660.2679999996111,794528.8862063347,548.2999999996111,111.968,687503.7414460381,107025.1447602966,0.12329004916714209,0.18353136157169644,0.24404312605031625,0.020445380582915007,0.014435458588126298,1.0794202154573411,1.5726010384606675,0.5416158390099876,3.837136188498354,0.4025375091279846,2508.073548577549,8.3369645745355,0.0
controller_comparison,42,CONTROLLER_COMPARISON::MU_MANHATTAN_NY_02::P_DIST_FIXED::M6_GP_ENHANCED_ENMPC_ROBUST_TRACKING_030,MU_MANHATTAN_NY_02,P_DIST_FIXED,STANDARD_DISTURBANCE,M6_GP_ENHANCED_ENMPC_ROBUST_TRACKING_030,B2_ENMPC_GP_MEAN_TOTAL_TUBE,GP Enhanced eNMPC with Robust Tracking Control,598EA139DC4160E96DBCFC00C339FFB1CAFAA8DD38B9544D46667983235AFE21,VALID_CASE_COMPLETE,1,1,,,C1E0D736DF2EE0B5F7584C01D7F283DFC10BB49A03E8EDEC331A8F4A5BCCAD27,1D944F9175A6A954F5898502EB741D34F259280BEE9F4F9FA886A6EEB25CD29E,D43E36F9278582E16A6FA5C7C8503CC5D0F75AD9D06F673AF8599803884759E0,57656557,D49A206F53FA8DFBB80CE76750ECFE4EEE34B0B2D787C549462B37AE32B8E7C3,667.1079999996047,803085.4027978649,555.1399999996047,111.968,696060.2580375683,107025.1447602966,0.08570524081209668,0.13396481832004348,0.18574482607937973,0.038736148991590724,0.015659213957980762,1.0252723562669805,1.5892598752756102,0.6208785525460682,3.165848171947883,0.3930408022169485,3981.5939233443196,8.317334558066062,0.0
controller_comparison,37,CONTROLLER_COMPARISON::MU_MANHATTAN_NY_02::P_DIST_FIXED::C0_CASCADED_PID,MU_MANHATTAN_NY_02,P_DIST_FIXED,STANDARD_DISTURBANCE,C0_CASCADED_PID,C0_CASCADED_PID,Cascaded PID Control,248ED02945E7ACDA90047A88ED2A16C838CE9E3B94B87326FA14167A57054C3C,VALID_CASE_COMPLETE,1,1,,,95E28FFD5C578EAE352E53F8AF88F460FED24A2406322FA47B90D95CAE5BDA9C,901D764150B43433B89921B3DC190F0534AB22AB0FEACF173C04F688F54EAD8E,EC18F3CE86A9BD94E4802FD09921314AAA5DE3FC5F1A590612E101F328E25A2A,22812035,C687616244251C627DD720A5A0F382A31D81F17530B7B9B415394B2E987DAAC7,689.958965886621,830061.351679937,577.990965886621,111.96799999999996,723036.2069196404,107025.1447602966,0.33914850492800924,0.4405217019728498,0.5903040264621772,0.34717080222091923,0.030226672524015445,0.9968577225936156,1.621038692483481,0.5880889666655578,2.1930075682724537,0.0,597.4141944232475,12.117425729193979,0.0
controller_comparison,40,CONTROLLER_COMPARISON::MU_MANHATTAN_NY_02::P_DIST_FIXED::M3_GP_ENHANCED_ROBUST_GEOMETRIC_TRACKING,MU_MANHATTAN_NY_02,P_DIST_FIXED,STANDARD_DISTURBANCE,M3_GP_ENHANCED_ROBUST_GEOMETRIC_TRACKING,GR0_GP_ROBUST_SE3,GP Enhanced Robust Geometric Tracking Control,71A206135CC5EA7BBB1AC65A140C80A0533802CDB96DA9A8F5789881E7BE178B,VALID_CASE_COMPLETE,1,1,,,72AFED66631AE8855B213D677F213B719968D18C8BC73D93223AE727380CEFB1,05A0C632E63DD16B1978CD7D1B953A2731E06C15ED828D87FDA96E376FD11E48,E6CF3586133851BFA08C7F952E2A6DF941F5A48378B23CC81A0796C9FDD8CEB1,29184363,7F880585DEEDCA8D691EF8120317064F8FA26879E8C85E2BCF19BCF6B2ECECA7,689.958965886621,830474.2034844238,577.990965886621,111.96799999999996,723449.0587241272,107025.1447602966,0.2114628133620889,0.36518107273844624,0.6404443690786815,0.11530918360721287,0.05662168295001423,1.0451761288163117,1.74936765731717,0.9074949896870497,2.4344363196569176,0.3619784360852824,1526.6539390835808,11.95229453576263,0.0
controller_comparison,38,CONTROLLER_COMPARISON::MU_MANHATTAN_NY_02::P_DIST_FIXED::M0_NOMINAL_GEOMETRIC_TRACKING,MU_MANHATTAN_NY_02,P_DIST_FIXED,STANDARD_DISTURBANCE,M0_NOMINAL_GEOMETRIC_TRACKING,N0_NOMINAL_SE3,Nominal Geometric Tracking Control,F50883AEA8226D45A9CAFC0C277694BF386C70F60C295CF4CD44A33CD241CC10,VALID_CASE_COMPLETE,1,1,,,0223D40E650D410A8745C916F9E37A3E29300DDE04CB2551E3C6E1850917F04D,570CA9FAE843A7CA3FCFFE3112D1E6B157EB98CFFE93BE7BB7A7AE3898AF6052,278FB97F97CB536947EEC95F3787E3115AE5E195510ED8427311BB85443565FD,22737799,B8745DAE264DF8A38ED36648188C4F5DD6B3DC88E80CC8A280ADA44BF5A85795,689.958965886621,830006.3843621288,577.990965886621,111.96799999999996,722981.2396018322,107025.1447602966,0.5266715902979422,0.7101965844806193,0.9839564730135252,0.4950641984278086,0.03667497187075214,1.0205395905759547,1.6783523725871754,0.5817361268538712,2.2235878344206377,0.0,513.4207376756239,12.152814668494049,0.0
controller_comparison,39,CONTROLLER_COMPARISON::MU_MANHATTAN_NY_02::P_DIST_FIXED::M1_ROBUST_GEOMETRIC_TRACKING,MU_MANHATTAN_NY_02,P_DIST_FIXED,STANDARD_DISTURBANCE,M1_ROBUST_GEOMETRIC_TRACKING,R0_ROBUST_SE3,Robust Geometric Tracking Control,45A16919B2439A1AC9705414AB8B3BEB1D766C5CB54A1BD900ECD07F0F727688,VALID_CASE_COMPLETE,1,1,,,0AA3076F9ABFFDC7D9C46D9B9984DE1A91EC01D85E183FCAB4C3A77DF911EEB2,A762FBF892BA1F88AE9A076B1EE2B771A08AFC25AF111E53CE79B4FE05AED04E,904BC7BF653F877D332AFD95340A8DBF6B6173FD429BD5A8DC0F5D17DA63A42D,25844864,BBB3A5E8E332C045EDA5E7587B5AB8976DF86EB3084A432EA2B79AE7795CF8B7,689.958965886621,830489.1719097655,577.990965886621,111.96799999999996,723464.0271494689,107025.1447602966,0.21943453061470766,0.3574589584129221,0.6401523186431252,0.1285653085692644,0.05753882979796223,1.0483883588661398,1.8056639927349274,0.9371541005554151,2.435047529921245,0.32599381010651673,1432.9673609542215,11.966913303450845,0.0
controller_comparison,47,CONTROLLER_COMPARISON::MU_MANHATTAN_NY_02::P_ENERGY_WIND_PAYLOAD::M5_ENMPC_ROBUST_TRACKING_030,MU_MANHATTAN_NY_02,P_ENERGY_WIND_PAYLOAD,STANDARD_DISTURBANCE,M5_ENMPC_ROBUST_TRACKING_030,B1_ENMPC_TOTAL_ROBUST_TUBE_NO_GP,eNMPC with Robust Tracking Control,D782545125AB18C8545C6A71FD0625AD32F20DF74813403E5AD790C2A01A3FE4,VALID_CASE_COMPLETE,1,1,,,783B169A15A27D54875D1D626111658509A5FF83EA496E00C855357115977A36,C8DC75E124AD1AC1D032C68A5AC79594F5F03E673DE849B4B2B01F99988F058E,B61F62266BD02996E901280C09566E5DC874FE1C3AD2FB4B01DB3C1F4E4849A9,54063873,FCF92C7484550731FB5FBBCA66EB0C15DE2E0F41A9AF14C1FA75BD092D410246,676.7879999995963,797064.2839450947,564.8199999995963,111.968,688976.4084188753,108087.87552621937,0.1176075951107924,0.17768064867382813,0.22263475113723494,0.020261547951143655,0.014249884192944763,0.8128081390792902,1.4144715069253408,0.4848310531158917,3.8105229937490357,0.39087366535747514,2279.5364006569266,11.33103889501291,0.0
controller_comparison,48,CONTROLLER_COMPARISON::MU_MANHATTAN_NY_02::P_ENERGY_WIND_PAYLOAD::M6_GP_ENHANCED_ENMPC_ROBUST_TRACKING_030,MU_MANHATTAN_NY_02,P_ENERGY_WIND_PAYLOAD,STANDARD_DISTURBANCE,M6_GP_ENHANCED_ENMPC_ROBUST_TRACKING_030,B2_ENMPC_GP_MEAN_TOTAL_TUBE,GP Enhanced eNMPC with Robust Tracking Control,F651CE533FC662B970C2136CCF92D9154B7068933EB8967520B76C7D0F9DC8F2,VALID_CASE_COMPLETE,1,1,,,3DEDC94AB622B875619A4CB1C0420CED0B2A4D8B2A6EC44284978C30D1443349,5CD9D5B74B1C8C892E5B15BD8C9C58CEA86C92F2C4F34A848BAA16A0A582C754,57C39587865449C1CCE33F3D06CB1D9B0C254D4597091B69C2DCF0D9A11F0141,60208480,9E1AABBA5BB456FC1E014D77A215E54438B95833D8BC5976C4A6C0E0CE3272C7,685.0879999995883,807469.870194841,573.1199999995883,111.968,699381.9946686216,108087.87552621937,0.07748390174738826,0.11899040652962763,0.17327853173216734,0.041236448487453004,0.015391101859985103,0.7956627047057199,1.3377678639403985,0.5786196317560958,3.59972018429216,0.38938402308751335,3540.2159550196534,11.077726480437999,0.0
controller_comparison,43,CONTROLLER_COMPARISON::MU_MANHATTAN_NY_02::P_ENERGY_WIND_PAYLOAD::C0_CASCADED_PID,MU_MANHATTAN_NY_02,P_ENERGY_WIND_PAYLOAD,STANDARD_DISTURBANCE,C0_CASCADED_PID,C0_CASCADED_PID,Cascaded PID Control,3C83FA37CA32C4B716AB37CB17CA811B90DF263A3BB26D2E2B66106FFB155B94,VALID_CASE_COMPLETE,1,1,,,09FF5C9842587C090894F4D6FC934C562DB255B63B1D0733C500EC2B5523CB95,BD9AA0A3F1E0E53C12D42C4316225D55713FE4F07A8FF0D54F42E3A3E50BBF0A,D3018E4B706524D78F1C9D23805C760A5541CCCA72701B000EFF812D837D7DFF,23545153,F833B1FEB9B03A64E564DFCE2B0377631DF6659435DEF4754F1471EF96885444,708.1480057482586,833919.0249963471,596.1800057482586,111.968,725831.1494701278,108087.87552621937,0.3149174620261808,0.4071414166419939,0.46116242852776895,0.34687958968207866,0.023818164132323818,0.7567163613460482,1.1958179965597586,0.48499441872817,2.5915649272400434,0.0,649.7548196065413,12.117425729193855,0.0
controller_comparison,46,CONTROLLER_COMPARISON::MU_MANHATTAN_NY_02::P_ENERGY_WIND_PAYLOAD::M3_GP_ENHANCED_ROBUST_GEOMETRIC_TRACKING,MU_MANHATTAN_NY_02,P_ENERGY_WIND_PAYLOAD,STANDARD_DISTURBANCE,M3_GP_ENHANCED_ROBUST_GEOMETRIC_TRACKING,GR0_GP_ROBUST_SE3,GP Enhanced Robust Geometric Tracking Control,8AF1B7E398122EA79100D15A4D3F54F5147449EF1E7016F1B673FA7DF30AE33E,VALID_CASE_COMPLETE,1,1,,,1CF78596FEB0EEE6561B6DF9608BB609F92B50E28174217EC853CC08AFF697A8,129C6B10388E731E03B8368A77D154F37301F4B9F6F5FEA091BC89BF546CA999,A3CF9CCFAEB5DB901B5D7A0BCD832AE02738F12473650BC3846E53EE0586E70A,30986876,95C1404EE32316E92CB81145A287970D619250FF626821E198E71C95EADC1C28,708.1480057482586,834286.5472215846,596.1800057482586,111.968,726198.6716953652,108087.87552621937,0.19007252137339792,0.29698183236433057,0.43327572505358775,0.10655814141527742,0.053257038704666,0.8243204638300385,1.227537699349121,0.8427345244768875,2.9597918308825193,0.3585175591480134,1600.9675438195973,11.9522945335768,0.0
controller_comparison,44,CONTROLLER_COMPARISON::MU_MANHATTAN_NY_02::P_ENERGY_WIND_PAYLOAD::M0_NOMINAL_GEOMETRIC_TRACKING,MU_MANHATTAN_NY_02,P_ENERGY_WIND_PAYLOAD,STANDARD_DISTURBANCE,M0_NOMINAL_GEOMETRIC_TRACKING,N0_NOMINAL_SE3,Nominal Geometric Tracking Control,C5B822600A5DA9324B317A2FE91FA083967928995F56BEED568FD3ED0E95785B,VALID_CASE_COMPLETE,1,1,,,115BEB90C741FEFBEBF40AD5E2A6E7489F6092D76A3334629E514F3FF628391F,C597BE8B74E7889F12180389614EBADDA82C17F10172865D49314E23CC39E64B,1F98D6E5FB5411CEA24C5BF67C384E54E6215CEC38D56DF50D42E80A4F0A3A3C,23466401,4C2F98516427A3439904E18ABD462CEA107B78EA132A87B25E6F8D671DD15BDA,708.1480057482586,833705.5350859237,596.1800057482586,111.968,725617.6595597044,108087.87552621937,0.4970271544567946,0.656033754096995,0.7149993427245643,0.4925594550795118,0.028909612109177422,0.7709407690963057,1.0880259692849723,0.4746526142416394,2.4151482145337684,0.0,552.0300336751794,12.152814668494049,0.0
controller_comparison,45,CONTROLLER_COMPARISON::MU_MANHATTAN_NY_02::P_ENERGY_WIND_PAYLOAD::M1_ROBUST_GEOMETRIC_TRACKING,MU_MANHATTAN_NY_02,P_ENERGY_WIND_PAYLOAD,STANDARD_DISTURBANCE,M1_ROBUST_GEOMETRIC_TRACKING,R0_ROBUST_SE3,Robust Geometric Tracking Control,CD43B926EF0FE018287386A65BFB153CC2DA0772E19CB2783A4D0842A3BEC897,VALID_CASE_COMPLETE,1,1,,,6CD7A2D07054C4AF43E2B83CB03A09E235A37115BDE222A63B76E212B0155845,B01635F82C477C91D6189D9C8193D2FDCA98F216E23D7E2AE8E74D2905B6B61E,02A1BB3CD2B9B33894A181A5A67D94516295F86603D2DBB48A7E3AB29B7C5FC4,26662171,5409BC0C51BFFC24382B0D880A697F481EE920383B48B24FC86CC9CC6E93DF8F,708.1480057482586,834297.5411353598,596.1800057482586,111.968,726209.6656091404,108087.87552621937,0.19898172088930566,0.31386752984646143,0.4331645604578302,0.1258063220191179,0.055118921281907284,0.8313550934850843,1.2538485984676253,0.8594043287405309,2.9976085064509053,0.3187835483205059,1476.3378057891587,11.966913303450838,0.0
controller_comparison,53,CONTROLLER_COMPARISON::MU_SEATTLE_WA_01::P_DIST_FIXED::M5_ENMPC_ROBUST_TRACKING_030,MU_SEATTLE_WA_01,P_DIST_FIXED,STANDARD_DISTURBANCE,M5_ENMPC_ROBUST_TRACKING_030,B1_ENMPC_TOTAL_ROBUST_TUBE_NO_GP,eNMPC with Robust Tracking Control,2F8E5B6C6FB9C104C1EFFCB0A9AD4E3C9694A056B823D3BBED939B3208D8B911,VALID_CASE_COMPLETE,1,1,,,8E3F18D155CE4FF6BCA975402D52F3557666C119D456C0D66620FCC651307E14,90BE79DDC730A240D973272409B0817DDD47398E2D757872E3A1A964ED204B4D,C512646114AC52DE3061DDF1FE2914DC28F089F4CA15ADBC8575599A7CA79F73,42512125,F7DCE870FB4ECC19B55950BDF9DE47C3310623B05D93BEA72E43E20611FF68A7,552.5179999997044,653346.5754845433,440.5499999997045,111.968,545588.8583157411,107757.71716880225,0.124575301855859,0.19264281434724986,0.23819695397634255,0.030383117167811946,0.014201657977113199,1.1971518232951377,1.4487362028350663,0.5150393673282847,2.63532016650112,0.3203327028375853,1814.5910320455914,10.577449546972964,0.0
controller_comparison,54,CONTROLLER_COMPARISON::MU_SEATTLE_WA_01::P_DIST_FIXED::M6_GP_ENHANCED_ENMPC_ROBUST_TRACKING_030,MU_SEATTLE_WA_01,P_DIST_FIXED,STANDARD_DISTURBANCE,M6_GP_ENHANCED_ENMPC_ROBUST_TRACKING_030,B2_ENMPC_GP_MEAN_TOTAL_TUBE,GP Enhanced eNMPC with Robust Tracking Control,D56A6EA5B72FBB68968CC447BC986465B358EEDA9269DF6D5475459F28F60AEC,VALID_CASE_COMPLETE,1,1,,,3A5D10A073793632E5A0D368BFA58CD55C64C683D4CAB30D8760EFB03EA62C2B,7BC4A4FC4646F80F42F66D996F9AB3B2E75546C9DDFCF3E36A5FA3570581E406,3F55F7EC314068A3EF6B54FDA22B1D05DC2207CADE8EC8013902E5B16B1FAEC4,50801204,590ACD2D8351BCEE79285D5B75DADE2034844D16A0FCE9C218FEA0FFB30D787F,559.607999999698,661886.7816674354,447.63999999969803,111.968,554129.0644986331,107757.71716880225,0.08520259730540276,0.12930932946954393,0.16948571257973372,0.04919078430151025,0.014827751621772982,1.121770694431689,1.4796591215397572,0.5511479852900442,2.1690935001939082,0.3009978607866941,2679.8598205607723,9.678320219772605,0.0
controller_comparison,49,CONTROLLER_COMPARISON::MU_SEATTLE_WA_01::P_DIST_FIXED::C0_CASCADED_PID,MU_SEATTLE_WA_01,P_DIST_FIXED,STANDARD_DISTURBANCE,C0_CASCADED_PID,C0_CASCADED_PID,Cascaded PID Control,DFF44D01E769859AD74294502016F04AAF20B27B5CA6074089212B5EABF5DEC9,VALID_CASE_COMPLETE,1,1,,,138D0F9F2E3E19244EDE9449D476167FD685B6B40B018F65648292F19D133243,FD2F2D1B8082CC93DCDCC23AFB462B7C4F03D600D3103050709E4AFC3242758A,6F33565A0C9F111621E394120E80983EAE72CB6BC76D6303C805CA248160CB3C,18307440,4F0B7735699FB404C2336707990B6A16AC10BFCA5DCCFFE5585D308083A966BF,577.3333729966346,683282.5835233135,465.3653729966345,111.96800000000006,575524.8663545112,107757.71716880225,0.26249715834852055,0.36527428891315633,0.551397208967026,0.25616754831582256,0.027020772748275693,1.1136406732885111,1.4193612612044073,0.5287906859069886,1.2381124553449963,0.0,470.03156547583677,12.157427681721831,0.0
controller_comparison,52,CONTROLLER_COMPARISON::MU_SEATTLE_WA_01::P_DIST_FIXED::M3_GP_ENHANCED_ROBUST_GEOMETRIC_TRACKING,MU_SEATTLE_WA_01,P_DIST_FIXED,STANDARD_DISTURBANCE,M3_GP_ENHANCED_ROBUST_GEOMETRIC_TRACKING,GR0_GP_ROBUST_SE3,GP Enhanced Robust Geometric Tracking Control,9DED18A1304D5AE018CEDA26E6915EE197206E851D21B91A7FFC3DBFB69DDF3B,VALID_CASE_COMPLETE,1,1,,,5CE9067FC513BE689CE508DCA27305994C4EB7D8291293054A180BE066DFC0CA,BC2FF843B82014CA7A2E10F95173003A1217A396EB03F85C502D72735CA0B2D7,BE4902990BB04B4B4205E6AB51372027D42DFDA70C896AA1CF100D72FE989E80,24182574,3AB2BF07EB7D20BB898081FD79C8CAEF9EE66455D8281C45BDC3BA987F28A850,577.3333729966346,683477.2627522355,465.3653729966345,111.96800000000006,575719.5455834332,107757.71716880225,0.20601269158885738,0.33286910425299315,0.5549679803661322,0.08079279518886828,0.05266310963100445,1.1375577834150594,1.514627566846523,0.8664310646460366,1.6583128015537643,0.3205795011508442,1210.2235683643034,11.970816454704547,0.0
controller_comparison,50,CONTROLLER_COMPARISON::MU_SEATTLE_WA_01::P_DIST_FIXED::M0_NOMINAL_GEOMETRIC_TRACKING,MU_SEATTLE_WA_01,P_DIST_FIXED,STANDARD_DISTURBANCE,M0_NOMINAL_GEOMETRIC_TRACKING,N0_NOMINAL_SE3,Nominal Geometric Tracking Control,D0A01EB34FA6F616C5B1D1F8358132AA58C4C38FF3CBCC19FD483F59B74C9795,VALID_CASE_COMPLETE,1,1,,,D70529967438D86AD1112EEF818A0D58A7F91E73E9044D9F8BADC37BD2181F23,7EFDCA37F4FAA5F8D5243308B235EFDD0227EEF6E8E3A91E86B8D75981E9E483,38396765012976AFB1D9B812612B26DD8293ECE6550F0605325AC49D93EC7CB0,18243643,B116D02C3B95F4D9734C6DC1C55A7EA83E61D4854E4D2A20B0C0C37D94797EF1,577.3333729966346,683258.7093520497,465.3653729966345,111.96800000000006,575500.9921832475,107757.71716880225,0.45855934940069587,0.6279671234103792,0.8654872147132332,0.3708004301701049,0.033485826702208836,1.122110552146216,1.4623087029937325,0.5297523169160336,1.2894014142133021,0.0,404.1419122487797,12.18877459890236,0.0
controller_comparison,51,CONTROLLER_COMPARISON::MU_SEATTLE_WA_01::P_DIST_FIXED::M1_ROBUST_GEOMETRIC_TRACKING,MU_SEATTLE_WA_01,P_DIST_FIXED,STANDARD_DISTURBANCE,M1_ROBUST_GEOMETRIC_TRACKING,R0_ROBUST_SE3,Robust Geometric Tracking Control,E29E8D7DCAE34F983B7F158B256088B2387EF9721F1B8E8FB1C262DF4A5B5467,VALID_CASE_COMPLETE,1,1,,,A93D78AFD17271C6828678FD290CE1D2D268FD99A2DBA6AC93C946CCEB0C0A18,48C913FC835D37DBC4E9A4339A0FC3EC2FE5A822FDD0B24DFA98CB7096DD8358,B155B0DC41F3632C03CB4AE69ECB4F9CD1F9CBB5A0B6D988D5FBDB3249B8BB2F,20756964,11112FA037FB5D1D5D24FD187C4AF27C6D9F90F611B13765C05D93841A1C04F1,577.3333729966346,683496.9858205994,465.3653729966345,111.96800000000006,575739.2686517971,107757.71716880225,0.20405383923938136,0.31155148101176744,0.4469795606764455,0.09704276358327313,0.05583872757504672,1.1485808937986401,1.5738858960576174,0.9264242235367205,1.655864824293335,0.2861257991938655,1162.5381098620778,11.966542491926752,0.0
controller_comparison,59,CONTROLLER_COMPARISON::MU_SEATTLE_WA_01::P_ENERGY_WIND_PAYLOAD::M5_ENMPC_ROBUST_TRACKING_030,MU_SEATTLE_WA_01,P_ENERGY_WIND_PAYLOAD,STANDARD_DISTURBANCE,M5_ENMPC_ROBUST_TRACKING_030,B1_ENMPC_TOTAL_ROBUST_TUBE_NO_GP,eNMPC with Robust Tracking Control,D9853632D635EF595A5CF9C7694C1995C4CEE35EBA519C7A8E800B82F1C6A229,VALID_CASE_COMPLETE,1,1,,,2E53B98501A80C41DA6F09FFF0A60616090000172FB7620004282492F52C78D8,F2064C1D0FB0EFB1545A45C789C755F574C62DF3E953CA17A77616513A627A11,803234BADA3FB33AC698760079DA206CA4C1C33850C56824DE1044C39D1306C5,42200278,3FC4576D27CCD55DBD96E786769BD0630894F8466EFB3942F9A6FC21EBFCFA74,548.8479999997078,648658.5353533222,436.8799999997078,111.968,540900.8181845199,107757.71716880225,0.11337560225729822,0.17568197679582473,0.2236701440673844,0.030507601738628765,0.014145677782489506,1.082991596998436,1.4245197855907161,0.4802444575603903,2.3492429879245904,0.3187631775564602,1798.599976720051,11.594881977021426,0.0
controller_comparison,60,CONTROLLER_COMPARISON::MU_SEATTLE_WA_01::P_ENERGY_WIND_PAYLOAD::M6_GP_ENHANCED_ENMPC_ROBUST_TRACKING_030,MU_SEATTLE_WA_01,P_ENERGY_WIND_PAYLOAD,STANDARD_DISTURBANCE,M6_GP_ENHANCED_ENMPC_ROBUST_TRACKING_030,B2_ENMPC_GP_MEAN_TOTAL_TUBE,GP Enhanced eNMPC with Robust Tracking Control,23ADC9EBD78DD7FB39099FD01AE68982B00B718F1C93FDBB71D47EBBDDAD78FF,VALID_CASE_COMPLETE,1,1,,,F24D70C1A5FBDFAB0EC4A9879070540B1F47D09AF52967501BFFA7712E4F4FB8,6B1D1F4FE8388959CF0F002433CAE600A1FDBAFF11E3A4F7F5584A3C183F9F95,A29FE54C2B9E370876A4E58B812947634D341B3F9633BFA8CECAD0E29BB572DF,50076963,24933E04048B11CA41EC760B524D717B84F04CE689DC2D5E30EF5A77E72F65A3,553.7879999997033,654445.7500484717,441.8199999997033,111.968,546688.0328796695,107757.71716880225,0.08611098399395539,0.13505743720936272,0.19804930222833267,0.04457216418751209,0.014887763520907206,1.0606014643276054,1.3759799295180404,0.5399841069343269,2.3783510555898157,0.2998671471445268,2570.771626033286,11.262569858311466,0.0
controller_comparison,55,CONTROLLER_COMPARISON::MU_SEATTLE_WA_01::P_ENERGY_WIND_PAYLOAD::C0_CASCADED_PID,MU_SEATTLE_WA_01,P_ENERGY_WIND_PAYLOAD,STANDARD_DISTURBANCE,C0_CASCADED_PID,C0_CASCADED_PID,Cascaded PID Control,48FC7F159074F39A489CB6981C11FB8A5DD58CE49ADE4F51E1A75DF3FBF930D8,VALID_CASE_COMPLETE,1,1,,,9774EA9FF35959FAD4B9856952A33E3FF2D03E8A363C2490C8D3F6A89ACD0798,F008DC585E84B5AC7481537DC84587731181F5A1889C5524F508C8D946126C8A,F2D19E45045A52BE9508DF1A6BCB5D7D346C5893E4C3A14885690324D554939D,18142764,23E90597069878348D1653D7AB15DF6D56A32E2A55286E8C27A92422CC0580E9,573.4335403604537,678149.2288031868,461.4655403604536,111.96800000000006,570391.5116343845,107757.71716880225,0.25603813507859396,0.35588219471628757,0.4518117066033083,0.2575776078644356,0.02298415615505647,1.0032815380102955,1.4504136040216107,0.5030145337544438,1.5105080224312386,0.0,462.5080396797596,12.142170560231634,0.0
controller_comparison,58,CONTROLLER_COMPARISON::MU_SEATTLE_WA_01::P_ENERGY_WIND_PAYLOAD::M3_GP_ENHANCED_ROBUST_GEOMETRIC_TRACKING,MU_SEATTLE_WA_01,P_ENERGY_WIND_PAYLOAD,STANDARD_DISTURBANCE,M3_GP_ENHANCED_ROBUST_GEOMETRIC_TRACKING,GR0_GP_ROBUST_SE3,GP Enhanced Robust Geometric Tracking Control,2AEBA1EF3D54658EC6CBB95D9F3696B2C59E671F84397121392BFE45269F7663,VALID_CASE_COMPLETE,1,1,,,9B1FC0F7BB0A21D1EBBE560CC7B30147AF03D84CD7F6C8F6443DC05EE118DDA4,8F68C53E0D58F3B7E605822A00C7486407F3F1F9BBA8A50913A6145F9ECBAFA3,39404CF89FB11953327C8F75343FC2A1841B42EDBDE8CDF13C72D231AF195E31,23976036,3B4924ABBF950058848F17C8C0F00BB79C411AA16AF60EA69198B0D954D98E9F,573.4335403604537,678293.2907113369,461.4655403604536,111.96800000000006,570535.5735425346,107757.71716880225,0.19728663049655876,0.3176372460858457,0.5353168052401223,0.08079837313248817,0.04935526489539562,1.0514070157689686,1.5531682808012306,0.8213027472810924,1.789382511203267,0.31640508217334173,1196.5469958737697,11.956656087184609,0.0
controller_comparison,56,CONTROLLER_COMPARISON::MU_SEATTLE_WA_01::P_ENERGY_WIND_PAYLOAD::M0_NOMINAL_GEOMETRIC_TRACKING,MU_SEATTLE_WA_01,P_ENERGY_WIND_PAYLOAD,STANDARD_DISTURBANCE,M0_NOMINAL_GEOMETRIC_TRACKING,N0_NOMINAL_SE3,Nominal Geometric Tracking Control,3E19A50869D7972FB276C2275A664093DF86740E270FD5AD992212F55E312A1B,VALID_CASE_COMPLETE,1,1,,,66D2B32E7DF1700292730F5A85161511B07ED684702957FF2313C1CEE79701FC,904A3DEDE4A3AF5D0548098B61A947CF5D9A2288C3599B563DE21D6911131F7F,BBD9A350B4610A2C99877E48468B9F795042E45BF89A193BDD19AF738F6C87FE,18078142,E1DCCA1917A3C8B0E060AC854B70EA299120D4BC692FF89FA56435FE88A06017,573.4335403604537,678159.2039761639,461.4655403604536,111.96800000000006,570401.4868073616,107757.71716880225,0.4496739268629423,0.6080345382323866,0.7578349164915836,0.3724770650330065,0.029922052426819848,1.0193353076706029,1.5084742726824616,0.4972386192260474,1.5254217280242992,0.0,398.1016110598621,12.173737473131357,0.0
controller_comparison,57,CONTROLLER_COMPARISON::MU_SEATTLE_WA_01::P_ENERGY_WIND_PAYLOAD::M1_ROBUST_GEOMETRIC_TRACKING,MU_SEATTLE_WA_01,P_ENERGY_WIND_PAYLOAD,STANDARD_DISTURBANCE,M1_ROBUST_GEOMETRIC_TRACKING,R0_ROBUST_SE3,Robust Geometric Tracking Control,FED9C1B90016779E552D029C94B129990BE3F93E47220497A581EDA17F0FA78A,VALID_CASE_COMPLETE,1,1,,,480DEE31FBA788EF715DA7B63F3A60D29B906F18C2E5BD25EB75CE6541B35FD9,07AE9F214F9854F2F2C975342CEDF6E46AFE17989E38729C355A32756818EEA7,645D0115FF28CF8D482508F3DF96EEB86E973AA14171E431C55AFFE09E7C7A48,20570591,2ABBA13582EB38C237EA881DF0589FB2A038ED3C3BDB4DBE13FF4655D9939627,573.4335403604537,678312.3940204295,461.4655403604536,111.96800000000006,570554.6768516272,107757.71716880225,0.19824895482294969,0.2975610850260307,0.49358878158192754,0.09685436160059702,0.053628260320516236,1.054186909616002,1.6273958617005615,0.8918330077203175,1.7893304458523278,0.2828273391820516,1142.4824285282339,11.953004797979656,0.0
controller_comparison,65,CONTROLLER_COMPARISON::MU_SEATTLE_WA_02::P_DIST_FIXED::M5_ENMPC_ROBUST_TRACKING_030,MU_SEATTLE_WA_02,P_DIST_FIXED,STANDARD_DISTURBANCE,M5_ENMPC_ROBUST_TRACKING_030,B1_ENMPC_TOTAL_ROBUST_TUBE_NO_GP,eNMPC with Robust Tracking Control,A1E36D620A684CC51F52873FBDD25AEA10DE313309793A3099560967B6A73D15,VALID_CASE_COMPLETE,1,1,,,EEC03160F50312CD93C1FA720DDA153D53F3D00898630048200804ACCF9E12E0,549F2433B3C925BCDBFC21C58B288BA139E4BBC500F532184A1A73836683181E,E8909D8613C4696E57EB5B842AB98756E021E259CAAEE96EA285A0ECBA93CFCC,58808011,41280B1444296AE2BC1A245F509A95C8D5D7C3CD9E79C82875AFD74B5C6B0721,721.5879999995567,864557.7307911075,609.6199999995567,111.968,756925.3260299934,107632.40476111413,0.1755948829124614,0.2997005056326996,0.46128866111446665,0.020863293430899432,0.02029055952745295,1.2247783942181645,1.7112569497732328,0.6281040090287368,3.4928851833361065,0.3877678145419895,2937.956885892801,8.531344844088448,0.0
controller_comparison,66,CONTROLLER_COMPARISON::MU_SEATTLE_WA_02::P_DIST_FIXED::M6_GP_ENHANCED_ENMPC_ROBUST_TRACKING_030,MU_SEATTLE_WA_02,P_DIST_FIXED,STANDARD_DISTURBANCE,M6_GP_ENHANCED_ENMPC_ROBUST_TRACKING_030,B2_ENMPC_GP_MEAN_TOTAL_TUBE,GP Enhanced eNMPC with Robust Tracking Control,8619460AE1F9D46C80C301503896E0080E3003E6014A9D1C81219D845C63D968,VALID_CASE_COMPLETE,1,0,,,B5B3080FED57873B22D56013D7703B4F0E691DED8501FB4254C6B2B43962EEA4,9535663CCC3A1249714C8D265B81619978F2604DF82ECCABCB7E26E80D286AE0,B7178EAFA22CF74FA39300AB182F9A5E79EA6AEAAC1D64E93115AE9A3CC835FA,69553483,CC13458DAFF09AFBB42D6F30DB3EE8C9E7D87378774DB895BBBB169CAF578BCE,729.1879999995534,873842.2440328405,617.2199999995535,111.968,766209.8392717263,107632.40476111413,0.14443929398524588,0.20594752107765418,0.4695109618136482,0.04007483772733522,0.02190515981548231,1.2049017548335577,1.817371717195426,0.7568764793380227,6.439206475791178,0.3550533350750655,4332.196959172315,5.302170951396313,0.0
controller_comparison,61,CONTROLLER_COMPARISON::MU_SEATTLE_WA_02::P_DIST_FIXED::C0_CASCADED_PID,MU_SEATTLE_WA_02,P_DIST_FIXED,STANDARD_DISTURBANCE,C0_CASCADED_PID,C0_CASCADED_PID,Cascaded PID Control,FFA47D1DC1118F1F67C9D1DEFF6FB0254F3956350B233D204D67AE3B22931324,VALID_CASE_COMPLETE,1,1,,,FFDF025F1B719873D2ECB3525CF99C2D50A5BD1DFF8E9856D34582612DFE5EC3,78B77CA646B41F39A741E4D5323C92FFE73E4FA060609F6981F351585DC26254,29C7222FBCB4ED22FD69F318784A918E0A13ECF572A4930C669E772F85FBB5C5,25290743,398A48AFA31AD9436D3AC86F9F598F2E3F0259FC721E1E08C2347B6547C5B280,754.7362498260645,904338.4304851614,642.7682498260646,111.96799999999998,796706.0257240472,107632.40476111413,0.33268586421753704,0.4741162924654685,0.6754420774959843,0.3446897284670598,0.034118274133689654,1.1516153973659278,1.907650004060303,0.6329114128081401,1.8391924877646018,0.0,631.5661655687052,11.640853750268871,0.0
controller_comparison,64,CONTROLLER_COMPARISON::MU_SEATTLE_WA_02::P_DIST_FIXED::M3_GP_ENHANCED_ROBUST_GEOMETRIC_TRACKING,MU_SEATTLE_WA_02,P_DIST_FIXED,STANDARD_DISTURBANCE,M3_GP_ENHANCED_ROBUST_GEOMETRIC_TRACKING,GR0_GP_ROBUST_SE3,GP Enhanced Robust Geometric Tracking Control,3335B3C059777512EE6E99A3B7475CA378D68D9C392B2E59DD4CDF2F857F93B0,VALID_CASE_COMPLETE,1,1,,,7C74037DE1F686240449F672A19A6F6B9A6882EB2CEB0410F7DC69A34A2A9639,43C22DD57CE140A537723B7710B463C99589515767D5BC2115FEB34369816DD8,99F9D871B124981CC8A2A9C51625CB29C58F6ADDF5A101D0EAB10BAE00ED6CBC,32901645,EC9BB2588B23670A348C38CB945BFDFB8168859E0AAD4DEB511E15C93CCB7367,754.7362498260645,904667.460503955,642.7682498260646,111.96799999999998,797035.0557428409,107632.40476111413,0.2843878360297934,0.4826952838803336,0.7715527767101987,0.10956348719832398,0.06025930322642218,1.1984652436507948,2.0266038169771394,0.961612280390748,2.243826097826958,0.3573406657199928,1612.4727639420864,11.495817569674752,0.0
controller_comparison,62,CONTROLLER_COMPARISON::MU_SEATTLE_WA_02::P_DIST_FIXED::M0_NOMINAL_GEOMETRIC_TRACKING,MU_SEATTLE_WA_02,P_DIST_FIXED,STANDARD_DISTURBANCE,M0_NOMINAL_GEOMETRIC_TRACKING,N0_NOMINAL_SE3,Nominal Geometric Tracking Control,591789AF85F159E70D29D16741ABE99F6475ACD077C690B96443DEC67F6D07CC,VALID_CASE_COMPLETE,1,1,,,06CCA255F84DD353CD62E3AEC3C57315C26690E654A1B3D20267E65D31F75B90,ACD88196F4885B6301E5642C80670F662585C511384BEE559F90F505B35AFAC6,3D4EF444F65B1AC8ABC7FE8C58B14B2782CC808BEE2289131FE130D2B1EC0096,25200746,8EA6DA743BAB390E21E02A43E5F7D19F52A48BEB9EE77136B0F8F3799FA65FD9,754.7362498260645,904237.8148011444,642.7682498260646,111.96799999999998,796605.4100400303,107632.40476111413,0.6137802054661438,0.8570822156408348,1.051995749380732,0.4940784545865924,0.04326301320837239,1.1862410695084915,2.012667629495252,0.6245679932744087,1.8338296980398123,0.0,540.716437754317,11.678646101037035,0.0
controller_comparison,63,CONTROLLER_COMPARISON::MU_SEATTLE_WA_02::P_DIST_FIXED::M1_ROBUST_GEOMETRIC_TRACKING,MU_SEATTLE_WA_02,P_DIST_FIXED,STANDARD_DISTURBANCE,M1_ROBUST_GEOMETRIC_TRACKING,R0_ROBUST_SE3,Robust Geometric Tracking Control,55A9F1DB0E4BC1CD8BD84A0CEC09A4FB6C13C63B6BD93803C36E5F671873D977,VALID_CASE_COMPLETE,1,1,,,FAAE7850602E3C9C3791B52ECB7F5D504CABAD83800CB6F26A0498375C7CC626,07F1E0908B59A96F31142370EC6999CDD96361AF439E7E491E2FA4AEFBDCDCD9,4FE3E03BBC01FB55C4FFDF09A20800F21476B7A7192207B3E0E2EC2626EBD5A2,28646610,77735D4C600FC422C8AA2914880FE46B8009F5BD424F8A15F97181B6074E3A29,754.7362498260645,904699.0432732855,642.7682498260646,111.96799999999998,797066.6385121713,107632.40476111413,0.2662255246987909,0.4271783358953167,0.6908100817483984,0.12638191167361157,0.061588537721794644,1.1831157805234775,2.0179595387130806,0.9846201582308431,2.0656618094581796,0.3242258938874409,1525.5187028618,11.603335187297471,0.0
controller_comparison,71,CONTROLLER_COMPARISON::MU_SEATTLE_WA_02::P_ENERGY_WIND_PAYLOAD::M5_ENMPC_ROBUST_TRACKING_030,MU_SEATTLE_WA_02,P_ENERGY_WIND_PAYLOAD,STANDARD_DISTURBANCE,M5_ENMPC_ROBUST_TRACKING_030,B1_ENMPC_TOTAL_ROBUST_TUBE_NO_GP,eNMPC with Robust Tracking Control,1225DEEA5D443A78258512EDC42A6938AF3AA0FEF5D733CD67757C411B602683,VALID_CASE_COMPLETE,1,1,,,3C66C1EAD136329AF634B49DB32F75B5978B63438BA3B9DE4160E5ECD0C2E1FD,4C23CC2BAE5CF36DDA5AFE03D4E10B7C240C80D8092F1FC4D751B9C05E3EB1DA,EA4DC99A8273D511813CEB9DF214927F684792523246D911EA0E8D14EC9EBE0A,57298682,7C8FD7977B0A13E83D6C247DD65A5CED751ED84633C6D7F98DA6405DB9629FE3,708.6179999995685,848510.5006017942,596.6499999995685,111.968,740878.0958406801,107632.40476111413,0.19257219849487817,0.34196049708780163,0.4802537873824362,0.02063100496056336,0.020102895550756707,1.1502552131071286,1.7112569497732328,0.5703112336990993,3.4928851833361065,0.3884766684362677,2634.748577798266,8.531344844088448,0.0
controller_comparison,72,CONTROLLER_COMPARISON::MU_SEATTLE_WA_02::P_ENERGY_WIND_PAYLOAD::M6_GP_ENHANCED_ENMPC_ROBUST_TRACKING_030,MU_SEATTLE_WA_02,P_ENERGY_WIND_PAYLOAD,STANDARD_DISTURBANCE,M6_GP_ENHANCED_ENMPC_ROBUST_TRACKING_030,B2_ENMPC_GP_MEAN_TOTAL_TUBE,GP Enhanced eNMPC with Robust Tracking Control,A94C24E78C9EF5225DA8C1898943D17F5D37CB59DB71D8806D6360F8AC282B0C,VALID_CASE_COMPLETE,1,0,,,EFD27E55FE67553E254AF0FCE9F72C1BF05F5049CC63A9BC0D156EE7F5C379D0,76CA584456CDAFF4AC98A719704DF555B2785E194B523BB30DC4F88D45A2F47F,426185E0B27D3E182F3B038EC58601C02EEEF3F4AEAC25D67501745CC686E66B,67640164,04D55F4272E9CD7F7E7986E10E82EF6D92F299EE9E0A961827F28710A3134E64,716.3979999995653,858139.1922346294,604.4299999995653,111.968,750506.7874735153,107632.40476111413,0.14427695169036833,0.24900838760057306,0.3590578062798806,0.034511983096301435,0.020993663061681756,1.1232603621486381,1.7972773639740085,0.6123648108031953,4.93423491129846,0.3553057120871946,3527.439110733483,5.302170951396313,0.0
controller_comparison,67,CONTROLLER_COMPARISON::MU_SEATTLE_WA_02::P_ENERGY_WIND_PAYLOAD::C0_CASCADED_PID,MU_SEATTLE_WA_02,P_ENERGY_WIND_PAYLOAD,STANDARD_DISTURBANCE,C0_CASCADED_PID,C0_CASCADED_PID,Cascaded PID Control,6C1FD2863F93CFEACB8E52DEC1F4BDBDFD4FCB8CABC93A6072F466823F2364E2,VALID_CASE_COMPLETE,1,1,,,CC1E005E3A0DD5A4E0C6AF1DDA54295ED1E3615147C5A990F921716DC5D9531A,CF4099EFBFD41ECDBFDA2B8F2880B473B74BBD6499DF9DA2457BF077C114F521,7144F3B4DB5F2D7C2CCD7CB3303C872E08B4E183AEDE0E4AB3B9BA13598E0B01,24766230,8495287CA755ADD579803F7D8F213F558B41876A88C932C527E4D906424212D2,741.5338824861113,887902.1937426657,629.5658824861114,111.96799999999998,780269.7889815515,107632.40476111413,0.3307727911927989,0.46736758133370915,0.6754420774959843,0.34518666494882666,0.032287008585440556,1.0660981632140367,1.907650004060303,0.6134513509079922,1.8694567300340617,0.0,617.6369780528642,11.640853750268871,0.0
controller_comparison,70,CONTROLLER_COMPARISON::MU_SEATTLE_WA_02::P_ENERGY_WIND_PAYLOAD::M3_GP_ENHANCED_ROBUST_GEOMETRIC_TRACKING,MU_SEATTLE_WA_02,P_ENERGY_WIND_PAYLOAD,STANDARD_DISTURBANCE,M3_GP_ENHANCED_ROBUST_GEOMETRIC_TRACKING,GR0_GP_ROBUST_SE3,GP Enhanced Robust Geometric Tracking Control,6D9042010E6165B588B9C8BA97FBF26636E08302BDDAEAB90C729428F5ADAF0A,VALID_CASE_COMPLETE,1,1,,,ADFD5D5E33126D2F1AF6A428B5FA85691AB13ACC6258E0820C7769A945294AE0,C6E50E45A31D4C106D51FC8EEF53B26D74554C46608A03690EFED059A9C04D35,8C47CB9BA9F160DA65155F16805635AA8455F9750B48B3026B5527B07469AFEB,32443914,B208667241BF5C61BC7FACAED8CCCFAC1C54B2676D1EFD18C6B096560EA97EDE,741.5338824861113,888232.3983006143,629.5658824861114,111.96799999999998,780599.9935395002,107632.40476111413,0.28049994199612466,0.4595454537127796,0.7715527767101987,0.10984273734506012,0.05737312132633336,1.1223390048741768,2.0266038169771394,0.9280212791836713,2.228109890275122,0.35735381720821136,1581.0309573648742,11.495817569674752,0.0
controller_comparison,68,CONTROLLER_COMPARISON::MU_SEATTLE_WA_02::P_ENERGY_WIND_PAYLOAD::M0_NOMINAL_GEOMETRIC_TRACKING,MU_SEATTLE_WA_02,P_ENERGY_WIND_PAYLOAD,STANDARD_DISTURBANCE,M0_NOMINAL_GEOMETRIC_TRACKING,N0_NOMINAL_SE3,Nominal Geometric Tracking Control,7AD093E2B3838B22977278A84E532E7682B93FC5B799B51DA7BCB79F36BCE1AA,VALID_CASE_COMPLETE,1,1,,,A8778B231F10DA3CB55ACBB061B47C093EA735F4B13A68AE5473C9ACEB6D0BC5,E8D98520BBE5AC4A693A941D629ED0B8D7D9B26E7ED6AB65D199BBC4DCB59E3D,0856663075F7BA0AEC0AEC89BE8AAC2F625A0D8B03AEE17C810E6941EA611488,24678396,AE2E6DE2E6C777125B8DADBDCE3E10DDCAA4EB224AF0DDFCEAE93CC6D6A71098,741.5338824861113,887796.8263871422,629.5658824861114,111.96799999999998,780164.421626028,107632.40476111413,0.6119739804649625,0.8409595619977388,1.051995749380732,0.49470339238255434,0.04109639965021831,1.0798309603547607,2.012667629495252,0.6051334183388882,1.8527741620413027,0.0,529.0664493374974,11.678646101037035,0.0
controller_comparison,69,CONTROLLER_COMPARISON::MU_SEATTLE_WA_02::P_ENERGY_WIND_PAYLOAD::M1_ROBUST_GEOMETRIC_TRACKING,MU_SEATTLE_WA_02,P_ENERGY_WIND_PAYLOAD,STANDARD_DISTURBANCE,M1_ROBUST_GEOMETRIC_TRACKING,R0_ROBUST_SE3,Robust Geometric Tracking Control,6FA07D9B40398295D727F62D420D19A4FAE61C55E455351FCDD31C9C3C4A4C91,VALID_CASE_COMPLETE,1,1,,,AD5CB1D4D442F083526404C3044B38BE6A08DF975C808A9F5E3CD4767800665A,29D31AAB4E4DDDBA2D7507D73EFDC6E0CF1297FBB9CCA08FD876A3C28BDA336C,AA39FDD9336DA9CF0E9778A8EDCC79C96AC87C4675DA74B0C76B0C5AD4603059,28056241,C6BF4D141181D42D60C42651C623F08B1D588B787E3426EAD976FDE80C69D484,741.5338824861113,888267.6667267944,629.5658824861114,111.96799999999998,780635.2619656803,107632.40476111413,0.2631832916313848,0.420916627902208,0.6908100817483984,0.12646884436144035,0.058848635520812737,1.1210543281775747,2.0179595387130806,0.9539094722961003,2.228972168130946,0.3229645771784017,1489.9633829087147,11.603335187297471,0.0
payload_variation,1,PAYLOAD_VARIATION::MU_CAMBRIDGE_MA_02::P_DIST_FIXED::FIXED_INITIAL_MASS::M6_GP_ENHANCED_ENMPC_ROBUST_TRACKING_030,MU_CAMBRIDGE_MA_02,P_DIST_FIXED,FIXED_INITIAL_MASS,M6_GP_ENHANCED_ENMPC_ROBUST_TRACKING_030,B2_ENMPC_GP_MEAN_TOTAL_TUBE,GP Enhanced Energy Aware eNMPC with Robust SE(3) Tracking Control,E75DF5DEE64823B6806BDB286EBEF1EC29ABB118DABD592F24262DECEBE66A9E,VALID_CASE_COMPLETE,1,0,,,ADC695F659AC6417A312833B18705A98C5E38805FE883CBCF07620C0ACE7B45E,6A1BE26D28A7E49719FEA821A0165E46D22019B4C1D6BC7ED2375407373BF353,2A4899054F178EDA4B014C0EC2949B7EDBB36D611C1964698ED2AE243A295599,60392108,726FA9770DDE301B9ED40CB5C1F84C6848D3A8923D0F445F29BD1E735B854B81,732.4679999995808,1033035.42233964,620.4999999995808,111.968,907543.3939745873,125492.02836505263,0.1619273817846522,0.2487535825656658,0.4595910501895629,0.0547959890964691,0.01942993422192059,1.169993444276749,1.9320343626896943,0.8967947898149553,5.175403695863318,0.5354233516972141,4735.616539755194,6.442536381838384,0.0
payload_variation,2,PAYLOAD_VARIATION::MU_CAMBRIDGE_MA_02::P_DIST_FIXED::DYNAMIC_UNLOADING::M6_GP_ENHANCED_ENMPC_ROBUST_TRACKING_030,MU_CAMBRIDGE_MA_02,P_DIST_FIXED,DYNAMIC_UNLOADING,M6_GP_ENHANCED_ENMPC_ROBUST_TRACKING_030,B2_ENMPC_GP_MEAN_TOTAL_TUBE,GP Enhanced Energy Aware eNMPC with Robust SE(3) Tracking Control,7670AAA07B564A793259F8394837E3AB3270F9A8DCE69EEC961598E1A059CB4B,VALID_CASE_COMPLETE,1,0,,,C0943E03AE51B145075F15B7C928900A8C0619F671B26F1D3D1D06FC7166C458,029EA278561F5140E4B19CFECF16F95E07072BD8EFEA990C6D3A2651907F4E06,2FBDFABBEF63AE7D7907B6D4B6C3EAD79B72B857532CB5441D19435B2609CB46,63026450,93F24461DD56C7008311B355CEEFD15A5ECFC5D11672D1172C169C71F266772C,734.187999999579,901957.0548662968,622.219999999579,111.968,796615.6418081057,105341.41305819107,0.14161964551335474,0.2320289993042513,0.40090347183658026,0.04171826146819768,0.017831318339086404,1.1377719923472378,1.8280950387388741,0.7640913922679868,5.104842282435621,0.49152256899091534,4430.328304723927,7.8619305351524,0.0
payload_variation,3,PAYLOAD_VARIATION::MU_CAMBRIDGE_MA_02::P_ENERGY_WIND_PAYLOAD::FIXED_INITIAL_MASS::M6_GP_ENHANCED_ENMPC_ROBUST_TRACKING_030,MU_CAMBRIDGE_MA_02,P_ENERGY_WIND_PAYLOAD,FIXED_INITIAL_MASS,M6_GP_ENHANCED_ENMPC_ROBUST_TRACKING_030,B2_ENMPC_GP_MEAN_TOTAL_TUBE,GP Enhanced Energy Aware eNMPC with Robust SE(3) Tracking Control,FE0F1FA25E27E73C21C38BC637C6677C6D73F654288564C035B4D0E63CF56F77,VALID_CASE_COMPLETE,1,0,,,F7DC22F911FF8070874CB0B33B872FC894AA6AA34316D4DC10B0A9A4C8A2BBD5,6FA0C9AED335407A3593A35C4A4583496E7C6005B2BE99563D4CA1D98DB3334A,383CDB9C30E4E32CF7DEC33845EC72B30F313C2E0A41495A5F8E84DE529C2DF7,59541633,38294498F7044330F116181ACC36709C5A5C4605E802E0F64986D994ABFBD053,730.8879999995822,1029709.6501690061,618.9199999995823,111.968,904217.6218039534,125492.02836505263,0.1787022414968389,0.2683113645159173,0.4575201557401286,0.058996162124275386,0.017535593260087485,1.070136332468492,1.5825979070748255,0.601089563117213,4.0256014859020794,0.5577869375001331,3410.8865737959413,8.115942495037267,0.0
payload_variation,4,PAYLOAD_VARIATION::MU_CAMBRIDGE_MA_02::P_ENERGY_WIND_PAYLOAD::DYNAMIC_UNLOADING::M6_GP_ENHANCED_ENMPC_ROBUST_TRACKING_030,MU_CAMBRIDGE_MA_02,P_ENERGY_WIND_PAYLOAD,DYNAMIC_UNLOADING,M6_GP_ENHANCED_ENMPC_ROBUST_TRACKING_030,B2_ENMPC_GP_MEAN_TOTAL_TUBE,GP Enhanced Energy Aware eNMPC with Robust SE(3) Tracking Control,9093933C36D8860D0AB76EB2388F816F632ACCCA105DE65B44EA89237293A7D4,VALID_CASE_COMPLETE,1,0,,,97D8BFEEFDE707C2BCBFD750FF39F54A4EFCBD5BDF4D61ABAFFF6CC1DB2582C5,58803997E01CA15F19FE2AAED9E05D02D7084E9D99A5E25715543720B60ADE80,0FB3D4C61913FC609E79C632022D0FF7FB6B5A8203B00E8100E2B023D6AF192B,61910686,EEDFDB4AB636A7C0692FABFAAA5486D9D252F8DADAE9E4F14DB747C988EF249A,728.0579999995848,894329.3079114362,616.0899999995848,111.968,788987.8948532451,105341.41305819107,0.1370498430640068,0.2157140237215875,0.3107588627432158,0.04294015521889172,0.016754844089451982,1.083306298231429,1.5774741088346411,0.5864325484409393,4.317380807227982,0.49421869653996164,3320.5533445535234,10.231483657186576,0.0
payload_variation,5,PAYLOAD_VARIATION::MU_MANHATTAN_NY_02::P_DIST_FIXED::FIXED_INITIAL_MASS::M6_GP_ENHANCED_ENMPC_ROBUST_TRACKING_030,MU_MANHATTAN_NY_02,P_DIST_FIXED,FIXED_INITIAL_MASS,M6_GP_ENHANCED_ENMPC_ROBUST_TRACKING_030,B2_ENMPC_GP_MEAN_TOTAL_TUBE,GP Enhanced Energy Aware eNMPC with Robust SE(3) Tracking Control,3711CA5239A2C65354A7AA2DE971FBE6A4906A53076BA7683A4CDD11A342B058,VALID_CASE_COMPLETE,1,0,,,DEBD7D21BD406338AC861828827A46DECC5099B47239894EDC4DFDB519247E16,06BA1A6FDB047A50198FB3967061175BFB68712D15458EAC4700718FD745C80F,0E7DC41A6855C5052983CB7333AD789C926C1C88F22CF0C94F6D49F0A14C9457,53644713,49A04B5A315F9D9EF2E1FA6C9C864EE2AF72E1BF6688653FB1606408EC0941FC,674.0779999995983,945015.6649178051,562.1099999995984,111.968,819523.6365527525,125492.02836505263,0.1073999851239707,0.16679922659542304,0.2381927533190482,0.059543634527710054,0.015875664630190533,1.0275627832142467,1.7770909724408723,0.5994300088727575,5.33627592837321,0.48144883157654245,3327.0614365605475,7.599811840949226,0.0
payload_variation,6,PAYLOAD_VARIATION::MU_MANHATTAN_NY_02::P_DIST_FIXED::DYNAMIC_UNLOADING::M6_GP_ENHANCED_ENMPC_ROBUST_TRACKING_030,MU_MANHATTAN_NY_02,P_DIST_FIXED,DYNAMIC_UNLOADING,M6_GP_ENHANCED_ENMPC_ROBUST_TRACKING_030,B2_ENMPC_GP_MEAN_TOTAL_TUBE,GP Enhanced Energy Aware eNMPC with Robust SE(3) Tracking Control,8A46EA7C38F45EE1F9813ECAD68C9DA300DF2E6748C166819E1A7198058F09BC,VALID_CASE_COMPLETE,1,1,,,160ED52B5A6D6D3F4B3C571D39B1EF5D6F5A5AF67ECFA056B67573EF51B00031,AB0552C02AFD12DF8CE407F92376240EA1058AC8522DACB17E01B3AB95C59EFE,739871E6BC2CBBB317C2F9D2601397EADDCF62503DEABC08E8307344A2B1E871,57656574,9AED7FFEE6A799F8AD42F342E0D2C5F096DDD17CA69D2EBB79FD4B6E90E00A85,667.1079999996047,803085.4027978649,555.1399999996047,111.968,696060.2580375683,107025.1447602966,0.08570524081209668,0.13396481832004348,0.18574482607937973,0.038736148991590724,0.015659213957980762,1.0252723562669805,1.5892598752756102,0.6208785525460682,3.165848171947883,0.3930408022169485,3981.5939233443196,8.317334558066062,0.0
payload_variation,7,PAYLOAD_VARIATION::MU_MANHATTAN_NY_02::P_ENERGY_WIND_PAYLOAD::FIXED_INITIAL_MASS::M6_GP_ENHANCED_ENMPC_ROBUST_TRACKING_030,MU_MANHATTAN_NY_02,P_ENERGY_WIND_PAYLOAD,FIXED_INITIAL_MASS,M6_GP_ENHANCED_ENMPC_ROBUST_TRACKING_030,B2_ENMPC_GP_MEAN_TOTAL_TUBE,GP Enhanced Energy Aware eNMPC with Robust SE(3) Tracking Control,C90954A47F422573DD5D2C3D24179C8D8D4EF8E458D3140E374F4149DECA4DDE,VALID_CASE_COMPLETE,1,1,,,8D92F161E1C54FAB9CF35287590CA13DB2A5A592A6DD905F66C9A3A303E93FD2,DB71F0E8F246F14F24C592BE2FEE4E58209C82C62218371BAC7AFA99DC11E34E,12E85E52749DE68FD5190197320229741F9DDD94A3C51B59733E27E439199DB8,55562165,BE5187E938299684BBBDBED7DB560AC823FE4D4135F80487303DECECA656F731,690.3679999995835,962528.4276576329,578.3999999995835,111.968,837036.3992925802,125492.02836505263,0.09954754109590122,0.15242061917757285,0.1872836585078825,0.06009557151285527,0.0159892618093861,0.778275780954601,1.3867219879175632,0.5393519763672587,3.566405446839282,0.47978856868589825,2992.12417440945,9.016116450748601,0.0
payload_variation,8,PAYLOAD_VARIATION::MU_MANHATTAN_NY_02::P_ENERGY_WIND_PAYLOAD::DYNAMIC_UNLOADING::M6_GP_ENHANCED_ENMPC_ROBUST_TRACKING_030,MU_MANHATTAN_NY_02,P_ENERGY_WIND_PAYLOAD,DYNAMIC_UNLOADING,M6_GP_ENHANCED_ENMPC_ROBUST_TRACKING_030,B2_ENMPC_GP_MEAN_TOTAL_TUBE,GP Enhanced Energy Aware eNMPC with Robust SE(3) Tracking Control,C116C48AE8760CD2F92DD2386E268DF3F1F80473F8A9BA0B42851F8B3B951CF2,VALID_CASE_COMPLETE,1,1,,,66BF234EAE56D87A9C7364D4ECACFEF4D90AB7D6DC0FBED07952507914DCBF66,E5A7CFCFDA37F85966F41E03D7322F85C744396ECD88081246FCC30E18884503,CE34AD5979DE848294E8329DFB528D1A8C453190588CAD768B743AE48988FA30,60209083,F6C38D3679F0C4D9F64F67AC11C1042CA879226D09EA874BA7EB4F24613AAECA,685.0879999995883,807469.870194841,573.1199999995883,111.968,699381.9946686216,108087.87552621937,0.07748390174738826,0.11899040652962763,0.17327853173216734,0.041236448487453004,0.015391101859985103,0.7956627047057199,1.3377678639403985,0.5786196317560958,3.59972018429216,0.38938402308751335,3540.2159550196534,11.077726480437999,0.0
payload_variation,9,PAYLOAD_VARIATION::MU_SEATTLE_WA_02::P_DIST_FIXED::FIXED_INITIAL_MASS::M6_GP_ENHANCED_ENMPC_ROBUST_TRACKING_030,MU_SEATTLE_WA_02,P_DIST_FIXED,FIXED_INITIAL_MASS,M6_GP_ENHANCED_ENMPC_ROBUST_TRACKING_030,B2_ENMPC_GP_MEAN_TOTAL_TUBE,GP Enhanced Energy Aware eNMPC with Robust SE(3) Tracking Control,5302F4B382B29AE9AE62496B321345055BA68F06B6B57B2C28B8ED3D1A005E12,VALID_CASE_COMPLETE,1,0,,,548EA367667D8F91F5EFE6228956E2A38C97B1F9C7F0A3B274C165E6F3B39284,0223E4C1E62B7F99BE7FC8E2AAE6EA76FE0348136677578E9D449A322A2D455D,A4D61832122404A148CE09715E1552B3489A28A4C95466A807E6892380F2325D,67573691,1A55D337C89F4B42EC391EAB2F011197A5ACC62DB9D59BEE341FEE20ACEB2BBD,730.787999999552,1019824.4086695078,618.819999999552,111.968,894332.3803044552,125492.02836505263,0.16738355841113772,0.26788360731440053,0.45598463272250817,0.051096070384165415,0.02491952687257457,1.2125365826324759,2.022609856957676,1.1638246735325448,5.059273791258356,0.3919522471054895,5149.888371170909,5.302170951396313,0.0
payload_variation,10,PAYLOAD_VARIATION::MU_SEATTLE_WA_02::P_DIST_FIXED::DYNAMIC_UNLOADING::M6_GP_ENHANCED_ENMPC_ROBUST_TRACKING_030,MU_SEATTLE_WA_02,P_DIST_FIXED,DYNAMIC_UNLOADING,M6_GP_ENHANCED_ENMPC_ROBUST_TRACKING_030,B2_ENMPC_GP_MEAN_TOTAL_TUBE,GP Enhanced Energy Aware eNMPC with Robust SE(3) Tracking Control,2BA9E0D800C9C0179F4D2397E2B2A73E27A6153BBEEEF8242CFB184F2709D897,VALID_CASE_COMPLETE,1,0,,,FBA3790C158955A49B22B238A837DD08ED4EB64371ABEAC556BE93EA6CBC5B2C,A54C1F4058A9264DD62246C069760CC14433E3B8C9EC3B3C3998D501AF15B8BD,958A52F5C87836E46B2E8DD3371C9FFA8866DDFDD88A3CD04D3FB5C268AB6634,69553546,A6318928EF3A76562A108F46375331303B281AB386606DAF463ADA80CFC5547A,729.1879999995534,873842.2440328405,617.2199999995535,111.968,766209.8392717263,107632.40476111413,0.14443929398524588,0.20594752107765418,0.4695109618136482,0.04007483772733522,0.02190515981548231,1.2049017548335577,1.817371717195426,0.7568764793380227,6.439206475791178,0.3550533350750655,4332.196959172315,5.302170951396313,0.0
payload_variation,11,PAYLOAD_VARIATION::MU_SEATTLE_WA_02::P_ENERGY_WIND_PAYLOAD::FIXED_INITIAL_MASS::M6_GP_ENHANCED_ENMPC_ROBUST_TRACKING_030,MU_SEATTLE_WA_02,P_ENERGY_WIND_PAYLOAD,FIXED_INITIAL_MASS,M6_GP_ENHANCED_ENMPC_ROBUST_TRACKING_030,B2_ENMPC_GP_MEAN_TOTAL_TUBE,GP Enhanced Energy Aware eNMPC with Robust SE(3) Tracking Control,F043C9756BB774AD7A9C15C8DD78331465C5DF53CA08B63A6F3585AAA283E074,VALID_CASE_COMPLETE,1,0,,,4A405C0582D2CB15377D61A61C41DBAA6B32AB99A98F108460D75E9F7735BC88,7E0D891E073A0AC281F4C5AAD226E2AA1089E161EB6102D2B88A587DA750E31E,6B7B9AE62C9504FE6D325CC7FF88F2A0EB22B2CB164299158076AC8214651D36,64747745,57B2EB1495E70C0ADA820E96A58E50C0F0FBC42C25FDAE6F361B234F63155D22,719.6979999995623,1004676.4837767466,607.7299999995623,111.968,879184.4554116939,125492.02836505263,0.17652224174518677,0.3211659230133479,0.44891724896842206,0.04932098219099146,0.022674933172210334,1.1482605540390496,1.8110291303964137,0.8335539581656265,4.93423491129846,0.41434736448650467,4286.298670549573,5.302170951396313,0.0
payload_variation,12,PAYLOAD_VARIATION::MU_SEATTLE_WA_02::P_ENERGY_WIND_PAYLOAD::DYNAMIC_UNLOADING::M6_GP_ENHANCED_ENMPC_ROBUST_TRACKING_030,MU_SEATTLE_WA_02,P_ENERGY_WIND_PAYLOAD,DYNAMIC_UNLOADING,M6_GP_ENHANCED_ENMPC_ROBUST_TRACKING_030,B2_ENMPC_GP_MEAN_TOTAL_TUBE,GP Enhanced Energy Aware eNMPC with Robust SE(3) Tracking Control,9EF5BAF3518D69C40689CFD57F28E3705B7BA3E6EDE1EEA3DB2B4B0AB4E8200A,VALID_CASE_COMPLETE,1,0,,,C3B54E0C6A8EC08A6E10638D9E5452AE638856DD0E110073D9F95CD3AD2180E8,24616E8D08CD2662F215EE2914BA593123D13B8683759F3E77C48E7651951E97,AFB2DFB5C15A0B2065FAD3CC2DF65E8B4F25727643F412110B893C7B391B062A,67640255,55C5064D137BDE0B641399B1F03718C96B8FD1737EB49F021DDEFE9968EF0A0C,716.3979999995653,858139.1922346294,604.4299999995653,111.968,750506.7874735153,107632.40476111413,0.14427695169036833,0.24900838760057306,0.3590578062798806,0.034511983096301435,0.020993663061681756,1.1232603621486381,1.7972773639740085,0.6123648108031953,4.93423491129846,0.3553057120871946,3527.439110733483,5.302170951396313,0.0
replanning_events,1,REPLANNING_EVENTS::MU_CAMBRIDGE_MA_02::P_DIST_FIXED::NO_EVENT_CONTROL::M6_GP_ENHANCED_ENMPC_ROBUST_TRACKING_030,MU_CAMBRIDGE_MA_02,P_DIST_FIXED,NO_EVENT_CONTROL,M6_GP_ENHANCED_ENMPC_ROBUST_TRACKING_030,B2_ENMPC_GP_MEAN_TOTAL_TUBE,GP Enhanced Energy Aware eNMPC with Robust SE(3) Tracking Control,180FAE4326B872ECD2BFF8415CE5D07E13929CA623D891EB74A96C2286A9106A,VALID_CASE_COMPLETE,1,0,,,0BA9134CEF2C61C61C7F1496D6DBDC54A507F6E381E899E72F4920BE7F4B64AF,90A6DD6AA846019D2C21E28E96F823ED315323E30EA24758F1158D5DC1F85322,7B2787C96FB9D88659DE1ABB937A28ABF1E59BE5E883D21F7D608F51EB6D92E8,62195117,C89C7C85D8FBA5358E1A67EC9029467980995D7E08B287F1EB261E6BA7246B02,724.7279999995878,891879.4466981614,612.7599999995879,111.968,786538.0336399704,105341.41305819107,0.1409284827252433,0.2307489430802964,0.39888948423637716,0.04097640663630564,0.01805371728678464,1.1320166457793863,1.8967397096122727,0.8019044138399629,5.102062019888191,0.48906518762592127,4499.741605127851,7.8619305351524,0.0
replanning_events,2,REPLANNING_EVENTS::MU_CAMBRIDGE_MA_02::P_DIST_FIXED::EVENT_TRIGGERED_REMAINING_TASK_REPLANNING::M6_GP_ENHANCED_ENMPC_ROBUST_TRACKING_030,MU_CAMBRIDGE_MA_02,P_DIST_FIXED,EVENT_TRIGGERED_REMAINING_TASK_REPLANNING,M6_GP_ENHANCED_ENMPC_ROBUST_TRACKING_030,B2_ENMPC_GP_MEAN_TOTAL_TUBE,GP Enhanced Energy Aware eNMPC with Robust SE(3) Tracking Control,2FAF817735F4DA048F3A924A69CA0E01B03FDD379BD07F2ACF28CA4FE01830F7,VALID_CASE_COMPLETE,1,0,,,15AE522BEC0B4E713BA20EFE256A1E36EC93D2934CF1C59D9EF7BE92A3A65A37,469241AD467B05A6591F6A0FD7E9BA95C7324094152ED6857ED1F877A6E3276B,F339965B6E95E93790A6DCD0B18817E39C3E1DBC01022D911A8D693F6EB04D63,63002021,0CAE2BF4A3A4C30BDCDF886BCDF3667F470842F573DBB6AEB0A6AAF65BC36CAB,1046.3459999993972,939893.0881353724,934.3779999993972,111.968,834551.6750771813,105341.41305819107,0.13786190159281914,0.21764867700565288,0.39889287857905914,0.04084315467582478,0.017832231177532708,1.1271107088368126,1.8973408358092887,0.7857014906415172,5.102523664730577,0.48856698256156483,4447.42795645174,7.8619305351524,0.0
replanning_events,3,REPLANNING_EVENTS::MU_CAMBRIDGE_MA_02::P_ENERGY_WIND_PAYLOAD::NO_EVENT_CONTROL::M6_GP_ENHANCED_ENMPC_ROBUST_TRACKING_030,MU_CAMBRIDGE_MA_02,P_ENERGY_WIND_PAYLOAD,NO_EVENT_CONTROL,M6_GP_ENHANCED_ENMPC_ROBUST_TRACKING_030,B2_ENMPC_GP_MEAN_TOTAL_TUBE,GP Enhanced Energy Aware eNMPC with Robust SE(3) Tracking Control,9E91C9CC7B4C2052A5372225939916F8B0DE20D97C2D9002DA5CDF446895FDED,VALID_CASE_COMPLETE,1,0,,,C65E3707C0D09B00C8521A1B9A2C762D19F64F2AECC6768AC4F55D975096BF8A,5DF78708488B48684F776218104F3FD023629D1F02484854ADF837EA106627D4,0CB94CEF8ACD696FB3BD9F178026BCBDF72DBFDC583ACF26C3C15B71AF10D643,60410069,D9BB76284E19407E69237228A0B4AB5D04B407ABF225782B047C5CDE0166D3C0,719.3379999995927,886070.8194384022,607.3699999995928,111.968,780729.4063802111,105341.41305819107,0.14839036640845593,0.22225231231157655,0.3393295987397263,0.05598909621648218,0.016785387541947906,1.1084717662964432,1.5486417272142294,0.5899907892065114,4.034790953802551,0.5177971239314034,3234.5210826909865,10.231483657186576,0.0
replanning_events,4,REPLANNING_EVENTS::MU_CAMBRIDGE_MA_02::P_ENERGY_WIND_PAYLOAD::EVENT_TRIGGERED_REMAINING_TASK_REPLANNING::M6_GP_ENHANCED_ENMPC_ROBUST_TRACKING_030,MU_CAMBRIDGE_MA_02,P_ENERGY_WIND_PAYLOAD,EVENT_TRIGGERED_REMAINING_TASK_REPLANNING,M6_GP_ENHANCED_ENMPC_ROBUST_TRACKING_030,B2_ENMPC_GP_MEAN_TOTAL_TUBE,GP Enhanced Energy Aware eNMPC with Robust SE(3) Tracking Control,4B1A2B81327E5FDE6BEE2C6F56579548A7538247B2EC5FE8D4D600A3A3DD5603,VALID_CASE_COMPLETE,1,0,,,48BE45CB1E5894F22B3B0AD3BAA4A9D22A339AE4F901B0FC9333FD9CBDD63DF9,37DE9931F0C8ABAC06A860115D2C0DA303921B49047262F37823C346364E674B,0CA23B38BACCDC5EFA963DC9E6F6442568466A3E30D47211C33D5D6F34572AD6,61994271,57E5A5E837D444D072B677E60EFCAB851BACE54B07122080E8575179A5A93994,1041.005999999402,933459.1572636059,929.037999999402,111.968,828117.7442054148,105341.41305819107,0.13714060932845942,0.2157075015982007,0.31086548975445516,0.043198588126138304,0.016920800795676323,1.0769372172006235,1.667941453898933,0.6179826387249906,4.861859479016316,0.4942195296132117,3630.949142449798,9.741051529835065,0.0
replanning_events,5,REPLANNING_EVENTS::MU_MANHATTAN_NY_02::P_DIST_FIXED::NO_EVENT_CONTROL::M6_GP_ENHANCED_ENMPC_ROBUST_TRACKING_030,MU_MANHATTAN_NY_02,P_DIST_FIXED,NO_EVENT_CONTROL,M6_GP_ENHANCED_ENMPC_ROBUST_TRACKING_030,B2_ENMPC_GP_MEAN_TOTAL_TUBE,GP Enhanced Energy Aware eNMPC with Robust SE(3) Tracking Control,9E2213F7B249DD80EB188444D00F95DE7189AAAE7E6F0250B5726CB2F7FC8A79,VALID_CASE_COMPLETE,1,1,,,97FAF55E11A8B21C59506FCB94B7FD695BEEEB9C17E1F976D104CB1DA4073D13,2065203571ED6EDD483321D52349BA3841284BA4D39A0BE549FCB70D29E452B0,44F94FBA93F278FB76D321ABF08AA07008F840877BB90A24991836E2D8F8BDD2,57576896,EE10BFED068E2C74077458522DB988FCB648E7D2DE3E1D005305A04C9474E3E5,667.0879999996047,803116.1709936563,555.1199999996047,111.968,696091.0262333597,107025.1447602966,0.08544256512774126,0.1337185473549461,0.1880072360678473,0.039063972973778505,0.015657996782041255,1.0266267299808354,1.5718768325847816,0.6257344726254174,3.1658468176641095,0.3940920965163374,3939.340336615276,8.317407507198038,0.0
replanning_events,6,REPLANNING_EVENTS::MU_MANHATTAN_NY_02::P_DIST_FIXED::EVENT_TRIGGERED_REMAINING_TASK_REPLANNING::M6_GP_ENHANCED_ENMPC_ROBUST_TRACKING_030,MU_MANHATTAN_NY_02,P_DIST_FIXED,EVENT_TRIGGERED_REMAINING_TASK_REPLANNING,M6_GP_ENHANCED_ENMPC_ROBUST_TRACKING_030,B2_ENMPC_GP_MEAN_TOTAL_TUBE,GP Enhanced Energy Aware eNMPC with Robust SE(3) Tracking Control,6398FBA2DFEC8B7075D2365D87ACF7A82077D66E1CCFC5267D283DF1B8A9C990,VALID_CASE_COMPLETE,1,1,,,D9D1F3162E75E0CC94757984768EF5BCF71B2B5D7244D1C5C1A5E8D1BA71B629,BC7DB13956773FD7AE38C66879221CB93FCDE2027377DEA030D8C4E13F0C260E,9753711EAA2593122A91F61BE49EA4F4622A24EFB974DCF91A45F4B7FF4F4931,57590196,57EA758CED657643DB663949BF82F7392C7B1A238F90F6F441B98263E7D98BAB,723.1819999996047,877542.0945435594,611.2139999996048,111.968,770516.9497832628,107025.1447602966,0.08583337661442676,0.13362210793698615,0.1858416995250973,0.039033637027388934,0.015742268206116895,1.0250142442849777,1.5896379482612768,0.6267446522122976,3.1658764397524144,0.39502651081887225,4040.417284743596,8.39087990252062,0.0
replanning_events,7,REPLANNING_EVENTS::MU_MANHATTAN_NY_02::P_ENERGY_WIND_PAYLOAD::NO_EVENT_CONTROL::M6_GP_ENHANCED_ENMPC_ROBUST_TRACKING_030,MU_MANHATTAN_NY_02,P_ENERGY_WIND_PAYLOAD,NO_EVENT_CONTROL,M6_GP_ENHANCED_ENMPC_ROBUST_TRACKING_030,B2_ENMPC_GP_MEAN_TOTAL_TUBE,GP Enhanced Energy Aware eNMPC with Robust SE(3) Tracking Control,FBEC110583ABD211CDABA48A93F51BD21D710528F10EF614ACDC3B045575A351,VALID_CASE_COMPLETE,1,1,,,DCD2335ED974055A1F6915725E7694EE8AE7C1A5670F0978565DE5A238779658,A179DB733AE0C7AD2BC829A5C06C560AB114CA1B1DA018102E3490F7324BE1EA,E0C12968D9C328D54ECA63FD00A973F883880376B0F006D4EAF5AE19B5F376D4,59145505,3CC65ABC2F218D8D9A812B3A16446B9A55515E3653812FDE074728B7A3CAA5B5,675.8779999995967,798241.4987454821,563.9099999995967,111.968,690153.6232192627,108087.87552621937,0.07842867330822098,0.11975225482665015,0.17090913025862364,0.04096082004534907,0.015157374959441855,0.8737358577802546,1.1348611095905163,0.5619100406195664,3.2417605128416715,0.3888199706282712,3414.406305618384,11.077726480437999,0.0
replanning_events,8,REPLANNING_EVENTS::MU_MANHATTAN_NY_02::P_ENERGY_WIND_PAYLOAD::EVENT_TRIGGERED_REMAINING_TASK_REPLANNING::M6_GP_ENHANCED_ENMPC_ROBUST_TRACKING_030,MU_MANHATTAN_NY_02,P_ENERGY_WIND_PAYLOAD,EVENT_TRIGGERED_REMAINING_TASK_REPLANNING,M6_GP_ENHANCED_ENMPC_ROBUST_TRACKING_030,B2_ENMPC_GP_MEAN_TOTAL_TUBE,GP Enhanced Energy Aware eNMPC with Robust SE(3) Tracking Control,3A28F853D5EE6D1B9A8276788C244C0E538229E95D606C25D2A4B90E1181422D,VALID_CASE_COMPLETE,1,0,,,6D346B778398AC662F5C430B35950919AE771FB9B9EB463FC0DCCEF60438DB53,430FE0D4DACD01F60010340A5F960A4FB343B423043A6F489AF7B5DB2FFA1CD2,49EE846BF1BE9604E9CD0533ADBFED59056EE40533E1526ECCD0342AC1BBF861,60530371,4E17087EFFA4EDC07F235F582222B45A31D5E15491D18D0C52164EBCB7403E66,798.0559999995875,949023.9650506338,686.0879999995875,111.968,840936.0895244144,108087.87552621937,0.07576103726364111,0.1150412910491248,0.16837338507384045,0.040968851183844635,0.015580918664391855,0.8118856200181624,1.2688146397569897,0.5985063077862731,4.158023270304161,0.3872052981012083,3592.92823368134,11.077726480437999,0.0
replanning_events,9,REPLANNING_EVENTS::MU_SEATTLE_WA_02::P_DIST_FIXED::NO_EVENT_CONTROL::M6_GP_ENHANCED_ENMPC_ROBUST_TRACKING_030,MU_SEATTLE_WA_02,P_DIST_FIXED,NO_EVENT_CONTROL,M6_GP_ENHANCED_ENMPC_ROBUST_TRACKING_030,B2_ENMPC_GP_MEAN_TOTAL_TUBE,GP Enhanced Energy Aware eNMPC with Robust SE(3) Tracking Control,C3EB3EAF843E950A8285FE8DD66369D2672DA77D54555EB74B3117B7E1AF3039,VALID_CASE_COMPLETE,1,0,,,7B25F3F02FFC0DC76D5B08A4380B46835C121F82DB74B8AB61784AA759F87C8D,AF0132108AF6BC9EEC58CC3B0B0D66C10E8473A1F5FB828CE76C94A12A0D81A1,5538F3B9E944AA6751200F9AC5EF5DDA5BDC9E0B4FB75603DC3747B612282D50,67930291,9AC643551EDBC966DAAD31F37300425854A0E3EA5891024F219542F4DB25AD24,719.6079999995621,863682.0224500762,607.6399999995622,111.968,756049.617688962,107632.40476111413,0.1493948089150876,0.23821115644857693,0.4702870951053556,0.04014223830307273,0.021963443679058878,1.2081639124735164,1.820999863216591,0.7582902174454205,6.438687212629001,0.35613566100369953,4030.1371036310284,5.302170951396313,0.0
replanning_events,10,REPLANNING_EVENTS::MU_SEATTLE_WA_02::P_DIST_FIXED::EVENT_TRIGGERED_REMAINING_TASK_REPLANNING::M6_GP_ENHANCED_ENMPC_ROBUST_TRACKING_030,MU_SEATTLE_WA_02,P_DIST_FIXED,EVENT_TRIGGERED_REMAINING_TASK_REPLANNING,M6_GP_ENHANCED_ENMPC_ROBUST_TRACKING_030,B2_ENMPC_GP_MEAN_TOTAL_TUBE,GP Enhanced Energy Aware eNMPC with Robust SE(3) Tracking Control,3C635D978F196FB11C8D4C9757CA9F05FC3300CB1D3CBCF88E27433297E193F7,VALID_CASE_COMPLETE,1,0,,,10E06768F44B311B2E21035F0B16376A82366622754C0D1CEB19283F6C5685FB,466CA59FD0B8D9C38ACA5D4195B97BBAED4F52C4CFB2D6F6D8351ECD918E3F0E,C9B6A6CFB574C8F681780244646F3EE744583DE1EF2261DBA6D2971D5251DB67,68631555,D8FEB92FAA0BFFEC85CCB5051DBA6EA089AA050E20E35F73478C2FF6C10326E7,836.7959999995575,1008333.3745083951,724.8279999995575,111.968,900700.9697472809,107632.40476111413,0.14723446434581072,0.22905837303732426,0.4691288961411944,0.04003557219284026,0.021964838092725612,1.206066731234589,1.8182691785834644,0.7625133728272956,6.439443010138364,0.35580595517610564,4082.849555347443,5.302170951396313,0.0
replanning_events,11,REPLANNING_EVENTS::MU_SEATTLE_WA_02::P_ENERGY_WIND_PAYLOAD::NO_EVENT_CONTROL::M6_GP_ENHANCED_ENMPC_ROBUST_TRACKING_030,MU_SEATTLE_WA_02,P_ENERGY_WIND_PAYLOAD,NO_EVENT_CONTROL,M6_GP_ENHANCED_ENMPC_ROBUST_TRACKING_030,B2_ENMPC_GP_MEAN_TOTAL_TUBE,GP Enhanced Energy Aware eNMPC with Robust SE(3) Tracking Control,067E306244ECAA19E758D8E04811C42DC1F5EC44BA4772820AF93368B6C8F0A2,VALID_CASE_COMPLETE,1,0,,,7E19EF9EA69BC5A94435735E415F8E34D279C514CDF1B49D58F071A0A3599DE4,94F0343833E06C5ACA3FD8D25192DAB1A4E3EC2D160C939C3589C819905E7729,92242B3B3442C6EF3BDA36502A4AAC191AF3563DBE3FA40A60CDC1EE648BFAFD,65971807,5C45C9617DD719F009CF9CF84D70DAB3746D1A63735A8AB12ADAE1818A21E7BC,704.1179999995765,844434.0828817383,592.1499999995765,111.968,736801.6781206242,107632.40476111413,0.15093735378960646,0.26202748941017345,0.3809994983398663,0.04750410844598285,0.022040913440643385,1.1492410133610218,1.9048508241249735,0.7675052818278866,6.028481412124763,0.3558811837388042,3950.4924611234696,5.302170951396313,0.0
replanning_events,12,REPLANNING_EVENTS::MU_SEATTLE_WA_02::P_ENERGY_WIND_PAYLOAD::EVENT_TRIGGERED_REMAINING_TASK_REPLANNING::M6_GP_ENHANCED_ENMPC_ROBUST_TRACKING_030,MU_SEATTLE_WA_02,P_ENERGY_WIND_PAYLOAD,EVENT_TRIGGERED_REMAINING_TASK_REPLANNING,M6_GP_ENHANCED_ENMPC_ROBUST_TRACKING_030,B2_ENMPC_GP_MEAN_TOTAL_TUBE,GP Enhanced Energy Aware eNMPC with Robust SE(3) Tracking Control,776DEF7760B2C041005031C244362E5CE446DCD45165FB3DCC96E4B33F7E4EFD,VALID_CASE_COMPLETE,1,0,,,85567027E747CDF2D381C0FACE48FD4A5A15909420D5D8437CEAC0A6FC885C46,A210889E83BA8A92E502DEC1873711AA240DDEBB883292BD031834D6CB86E2A7,5D9F11E295B8937D36DF06E2ED2DC66FE42BC6A4DE5039671A0DA5A05DD633BE,66428679,8963F25044495EBCD520BA2A2B59C5781C48562617DD838A2C83FA2085AB126A,821.2859999995716,989202.5685470407,709.3179999995716,111.968,881570.1637859265,107632.40476111413,0.14968938158457992,0.24485866725361535,0.35776678502905307,0.04577889723470285,0.020982779058663997,1.1306944938494976,1.7972773639740085,0.618462874871212,4.93423491129846,0.3559386006455542,3535.630835891948,5.302170951396313,0.0
